latitude,longitude,name
57.002,-1.84,KINCARDINE
57.491,-1.352,HYWIND SCOTLAND / BUCHAN DEEP DEMO
57.497,-1.372,HYWIND SCOTLAND / BUCHAN DEEP DEMO
57.485,-1.372,HYWIND SCOTLAND / BUCHAN DEEP DEMO
57.478,-1.353,HYWIND SCOTLAND / BUCHAN DEEP DEMO
57.484,-1.332,HYWIND SCOTLAND / BUCHAN DEEP DEMO
57.018,-1.855,KINCARDINE
56.989,-1.866,KINCARDINE
56.997,-1.874,KINCARDINE
57.005,-1.881,KINCARDINE
57.027,-1.862,KINCARDINE
57.011,-1.848,KINCARDINE
53.149,1.156,SHERINGHAM SHOAL
53.125,1.18,SHERINGHAM SHOAL
53.156,1.1,SHERINGHAM SHOAL
53.151,1.12,SHERINGHAM SHOAL
53.154,1.11,SHERINGHAM SHOAL
53.151,1.171,SHERINGHAM SHOAL
53.12,1.175,SHERINGHAM SHOAL
53.127,1.144,SHERINGHAM SHOAL
53.137,1.104,SHERINGHAM SHOAL
53.149,1.181,SHERINGHAM SHOAL
53.12,1.124,SHERINGHAM SHOAL
53.127,1.195,SHERINGHAM SHOAL
53.166,1.085,SHERINGHAM SHOAL
53.127,1.119,SHERINGHAM SHOAL
53.144,1.15,SHERINGHAM SHOAL
53.125,1.155,SHERINGHAM SHOAL
53.144,1.176,SHERINGHAM SHOAL
53.127,1.17,SHERINGHAM SHOAL
53.147,1.166,SHERINGHAM SHOAL
53.122,1.19,SHERINGHAM SHOAL
53.122,1.139,SHERINGHAM SHOAL
53.12,1.149,SHERINGHAM SHOAL
53.132,1.124,SHERINGHAM SHOAL
53.101,1.204,SHERINGHAM SHOAL
53.122,1.114,SHERINGHAM SHOAL
53.154,1.161,SHERINGHAM SHOAL
53.122,1.165,SHERINGHAM SHOAL
53.154,1.136,SHERINGHAM SHOAL
53.151,1.146,SHERINGHAM SHOAL
53.208,0.446,INNER DOWSING
53.846,1.515,HORNSEA 2
53.169,0.46,INNER DOWSING
53.865,1.457,HORNSEA 2
56.44,-2.241,INCH CAPE
53.194,0.446,INNER DOWSING
53.198,0.433,INNER DOWSING
53.198,0.446,INNER DOWSING
53.169,0.446,INNER DOWSING
53.203,0.446,INNER DOWSING
53.869,1.535,HORNSEA 2
53.213,0.446,INNER DOWSING
53.184,0.446,INNER DOWSING
53.179,0.46,INNER DOWSING
53.855,1.468,HORNSEA 2
53.203,0.433,INNER DOWSING
53.179,0.446,INNER DOWSING
53.189,0.446,INNER DOWSING
53.847,1.536,HORNSEA 2
53.889,1.467,HORNSEA 2
53.198,0.46,INNER DOWSING
53.174,0.46,INNER DOWSING
53.876,1.459,HORNSEA 2
53.189,0.46,INNER DOWSING
53.194,0.46,INNER DOWSING
53.852,1.455,HORNSEA 2
53.208,0.433,INNER DOWSING
53.184,0.46,INNER DOWSING
53.174,0.433,INNER DOWSING
53.189,0.433,INNER DOWSING
53.179,0.433,INNER DOWSING
53.184,0.433,INNER DOWSING
53.193,0.433,INNER DOWSING
53.213,0.433,INNER DOWSING
53.174,0.446,INNER DOWSING
53.213,0.46,LINCS
53.218,0.469,LINCS
53.225,0.509,LINCS
53.208,0.431,INNER DOWSING
53.243,0.473,LINCS
53.219,0.512,LINCS
53.219,0.483,LINCS
53.236,0.505,LINCS
53.169,0.433,INNER DOWSING
53.233,0.492,LINCS
53.227,0.494,LINCS
53.195,0.49,LINCS
53.19,0.504,LINCS
53.192,0.477,LINCS
53.165,0.503,LINCS
53.231,0.507,LINCS
53.221,0.497,LINCS
53.183,0.476,LINCS
53.177,0.476,LINCS
53.215,0.499,LINCS
53.201,0.491,LINCS
53.239,0.489,LINCS
53.196,0.504,LINCS
53.209,0.502,LINCS
53.203,0.504,LINCS
53.17,0.476,LINCS
53.199,0.477,LINCS
53.245,0.487,LINCS
53.23,0.464,LINCS
53.186,0.517,LINCS
53.235,0.462,LINCS
53.213,0.486,LINCS
53.225,0.481,LINCS
53.247,0.5,LINCS
53.224,0.467,LINCS
53.241,0.459,LINCS
53.213,0.514,LINCS
53.237,0.476,LINCS
53.129,0.49,LINCS
53.157,0.517,LINCS
53.191,0.517,LINCS
53.174,0.517,LINCS
53.133,0.479,LINCS
53.135,0.491,LINCS
53.208,0.46,LINCS
53.169,0.517,LINCS
53.196,0.516,LINCS
53.177,0.504,LINCS
53.231,0.478,LINCS
53.205,0.475,LINCS
53.163,0.517,LINCS
53.207,0.488,LINCS
53.202,0.517,LINCS
53.208,0.517,LINCS
53.203,0.46,LINCS
53.242,0.502,LINCS
53.157,0.489,LINCS
53.152,0.503,LINCS
53.139,0.503,LINCS
53.158,0.503,LINCS
53.164,0.475,LINCS
53.151,0.489,LINCS
53.184,0.504,LINCS
53.18,0.517,LINCS
53.151,0.517,LINCS
53.139,0.43,LYNN
53.135,0.469,LYNN
53.176,0.49,LINCS
53.158,0.475,LINCS
53.129,0.479,LINCS
53.152,0.475,LINCS
53.139,0.449,LYNN
53.146,0.503,LINCS
53.137,0.459,LYNN
53.17,0.49,LINCS
53.137,0.44,LYNN
53.14,0.469,LYNN
53.142,0.459,LYNN
53.142,0.478,LYNN
53.147,0.478,LYNN
53.164,0.489,LINCS
53.182,0.49,LINCS
53.141,0.44,LYNN
53.14,0.491,LINCS
53.145,0.491,LINCS
53.171,0.504,LINCS
53.138,0.479,LINCS
53.132,0.44,LYNN
53.424,-3.438,NORTH HOYLE
53.128,0.44,LYNN
53.134,0.43,LYNN
53.425,-3.426,NORTH HOYLE
53.126,0.47,LYNN
53.424,-3.463,NORTH HOYLE
53.144,0.449,LYNN
53.131,0.469,LYNN
53.422,-3.425,NORTH HOYLE
53.423,-3.45,NORTH HOYLE
53.13,0.431,LYNN
53.146,0.459,LYNN
53.146,0.439,LYNN
53.135,0.45,LYNN
53.126,0.45,LYNN
53.143,0.43,LYNN
53.133,0.46,LYNN
53.418,-3.436,NORTH HOYLE
53.427,-3.439,NORTH HOYLE
53.144,0.469,LYNN
53.426,-3.451,NORTH HOYLE
53.417,-3.472,NORTH HOYLE
53.409,-3.458,NORTH HOYLE
53.128,0.46,LYNN
53.126,0.431,LYNN
53.421,-3.437,NORTH HOYLE
53.421,-3.462,NORTH HOYLE
53.417,-3.448,NORTH HOYLE
53.13,0.45,LYNN
53.415,-3.435,NORTH HOYLE
53.376,-3.63,RHYL FLATS
53.419,-3.424,NORTH HOYLE
53.42,-3.474,NORTH HOYLE
53.422,-3.476,NORTH HOYLE
53.377,-3.678,RHYL FLATS
53.414,-3.471,NORTH HOYLE
53.417,-3.41,NORTH HOYLE
53.41,-3.446,NORTH HOYLE
53.375,-3.622,RHYL FLATS
53.376,-3.671,RHYL FLATS
53.378,-3.637,RHYL FLATS
53.416,-3.423,NORTH HOYLE
53.412,-3.434,NORTH HOYLE
53.412,-3.459,NORTH HOYLE
53.415,-3.46,NORTH HOYLE
53.408,-3.469,NORTH HOYLE
53.429,-3.427,NORTH HOYLE
53.42,-3.449,NORTH HOYLE
53.388,-3.639,RHYL FLATS
53.413,-3.447,NORTH HOYLE
53.39,-3.646,RHYL FLATS
53.411,-3.47,NORTH HOYLE
53.387,-3.679,RHYL FLATS
53.386,-3.672,RHYL FLATS
53.418,-3.461,NORTH HOYLE
53.413,-3.422,NORTH HOYLE
53.314,0.748,RACE BANK
53.385,-3.624,RHYL FLATS
53.373,-3.658,RHYL FLATS
53.423,-3.475,NORTH HOYLE
53.38,-3.691,RHYL FLATS
52.659,1.794,SCROBY SANDS
53.391,-3.653,RHYL FLATS
53.369,-3.639,RHYL FLATS
52.649,1.797,SCROBY SANDS
52.653,1.781,SCROBY SANDS
53.387,-3.631,RHYL FLATS
53.368,-3.644,RHYL FLATS
53.38,-3.644,RHYL FLATS
52.656,1.786,SCROBY SANDS
52.656,1.78,SCROBY SANDS
52.659,1.786,SCROBY SANDS
53.382,-3.61,RHYL FLATS
53.372,-3.652,RHYL FLATS
53.37,-3.645,RHYL FLATS
53.384,-3.665,RHYL FLATS
52.649,1.782,SCROBY SANDS
52.652,1.796,SCROBY SANDS
53.373,-3.615,RHYL FLATS
53.374,-3.665,RHYL FLATS
52.646,1.787,SCROBY SANDS
53.379,-3.684,RHYL FLATS
53.381,-3.651,RHYL FLATS
52.646,1.781,SCROBY SANDS
52.646,1.795,SCROBY SANDS
52.643,1.78,SCROBY SANDS
53.389,-3.686,RHYL FLATS
52.653,1.79,SCROBY SANDS
52.656,1.799,SCROBY SANDS
52.656,1.793,SCROBY SANDS
54.757,-3.668,ROBIN RIGG
52.629,1.777,SCROBY SANDS
53.142,1.186,SHERINGHAM SHOAL
52.659,1.8,SCROBY SANDS
52.633,1.785,SCROBY SANDS
53.137,1.155,SHERINGHAM SHOAL
53.115,1.169,SHERINGHAM SHOAL
52.636,1.793,SCROBY SANDS
53.105,1.21,SHERINGHAM SHOAL
52.639,1.779,SCROBY SANDS
53.139,1.171,SHERINGHAM SHOAL
53.142,1.161,SHERINGHAM SHOAL
53.137,1.181,SHERINGHAM SHOAL
52.632,1.793,SCROBY SANDS
52.639,1.794,SCROBY SANDS
52.636,1.779,SCROBY SANDS
52.633,1.778,SCROBY SANDS
53.117,1.159,SHERINGHAM SHOAL
53.117,1.185,SHERINGHAM SHOAL
52.629,1.784,SCROBY SANDS
52.636,1.786,SCROBY SANDS
53.115,1.195,SHERINGHAM SHOAL
52.639,1.787,SCROBY SANDS
52.642,1.795,SCROBY SANDS
53.125,1.129,SHERINGHAM SHOAL
52.659,1.779,SCROBY SANDS
53.117,1.134,SHERINGHAM SHOAL
53.115,1.144,SHERINGHAM SHOAL
53.12,1.2,SHERINGHAM SHOAL
52.643,1.787,SCROBY SANDS
53.139,1.145,SHERINGHAM SHOAL
53.134,1.191,SHERINGHAM SHOAL
53.134,1.165,SHERINGHAM SHOAL
53.142,1.135,SHERINGHAM SHOAL
53.105,1.184,SHERINGHAM SHOAL
53.13,1.185,SHERINGHAM SHOAL
53.113,1.154,SHERINGHAM SHOAL
53.132,1.15,SHERINGHAM SHOAL
53.098,1.214,SHERINGHAM SHOAL
53.11,1.164,SHERINGHAM SHOAL
53.108,1.2,SHERINGHAM SHOAL
53.134,1.14,SHERINGHAM SHOAL
53.103,1.194,SHERINGHAM SHOAL
53.137,1.13,SHERINGHAM SHOAL
53.108,1.174,SHERINGHAM SHOAL
53.132,1.175,SHERINGHAM SHOAL
53.11,1.189,SHERINGHAM SHOAL
53.113,1.179,SHERINGHAM SHOAL
53.113,1.205,SHERINGHAM SHOAL
53.13,1.16,SHERINGHAM SHOAL
53.13,1.134,SHERINGHAM SHOAL
53.275,0.891,RACE BANK
53.235,0.906,RACE BANK
53.266,0.917,RACE BANK
53.255,0.925,RACE BANK
53.27,0.904,RACE BANK
53.259,0.832,RACE BANK
53.26,0.88,RACE BANK
53.266,0.89,RACE BANK
53.268,0.832,RACE BANK
53.264,0.818,RACE BANK
53.273,0.867,RACE BANK
53.277,0.856,RACE BANK
53.262,0.9,RACE BANK
53.247,0.84,RACE BANK
53.259,0.911,RACE BANK
53.268,0.856,RACE BANK
53.269,0.879,RACE BANK
53.281,0.868,RACE BANK
53.272,0.844,RACE BANK
53.264,0.844,RACE BANK
53.253,0.881,RACE BANK
53.244,0.877,RACE BANK
53.265,0.869,RACE BANK
53.244,0.9,RACE BANK
53.252,0.826,RACE BANK
53.254,0.894,RACE BANK
53.254,0.844,RACE BANK
53.251,0.907,RACE BANK
53.247,0.866,RACE BANK
53.31,0.814,RACE BANK
53.25,0.854,RACE BANK
53.304,0.784,RACE BANK
53.278,0.88,RACE BANK
53.285,0.856,RACE BANK
53.281,0.845,RACE BANK
53.247,0.889,RACE BANK
53.238,0.866,RACE BANK
53.243,0.854,RACE BANK
56.27,-2.204,NEART NA GAOITHE
56.214,-2.188,NEART NA GAOITHE
56.271,-2.184,NEART NA GAOITHE
56.229,-2.224,NEART NA GAOITHE
56.246,-2.202,NEART NA GAOITHE
56.295,-2.208,NEART NA GAOITHE
56.325,-2.239,NEART NA GAOITHE
56.317,-2.231,NEART NA GAOITHE
56.214,-2.207,NEART NA GAOITHE
56.253,-2.21,NEART NA GAOITHE
56.302,-2.216,NEART NA GAOITHE
56.31,-2.223,NEART NA GAOITHE
56.315,-2.25,NEART NA GAOITHE
56.267,-2.245,NEART NA GAOITHE
56.313,-2.276,NEART NA GAOITHE
56.289,-2.269,NEART NA GAOITHE
56.332,-2.247,NEART NA GAOITHE
56.235,-2.25,NEART NA GAOITHE
56.214,-2.249,NEART NA GAOITHE
56.236,-2.232,NEART NA GAOITHE
56.214,-2.271,NEART NA GAOITHE
56.302,-2.302,NEART NA GAOITHE
56.286,-2.305,NEART NA GAOITHE
56.29,-2.25,NEART NA GAOITHE
56.258,-2.325,NEART NA GAOITHE
56.31,-2.311,NEART NA GAOITHE
56.297,-2.258,NEART NA GAOITHE
56.273,-2.272,NEART NA GAOITHE
56.294,-2.332,NEART NA GAOITHE
56.225,-2.16,NEART NA GAOITHE
56.281,-2.261,NEART NA GAOITHE
56.275,-2.334,NEART NA GAOITHE
56.255,-2.168,NEART NA GAOITHE
56.266,-2.264,NEART NA GAOITHE
56.285,-2.325,NEART NA GAOITHE
56.263,-2.176,NEART NA GAOITHE
56.24,-2.174,NEART NA GAOITHE
56.235,-2.273,NEART NA GAOITHE
56.221,-2.279,NEART NA GAOITHE
56.244,-2.308,NEART NA GAOITHE
56.253,-2.31,NEART NA GAOITHE
56.264,-2.283,NEART NA GAOITHE
56.228,-2.264,NEART NA GAOITHE
56.228,-2.288,NEART NA GAOITHE
56.25,-2.289,NEART NA GAOITHE
56.279,-2.298,NEART NA GAOITHE
56.236,-2.297,NEART NA GAOITHE
53.235,0.854,RACE BANK
53.235,0.878,RACE BANK
53.259,0.853,RACE BANK
53.262,0.931,RACE BANK
53.232,0.889,RACE BANK
53.239,0.842,RACE BANK
53.227,0.879,RACE BANK
53.257,0.816,RACE BANK
53.223,0.891,RACE BANK
53.244,0.826,RACE BANK
53.24,0.891,RACE BANK
53.248,0.816,RACE BANK
53.228,0.901,RACE BANK
53.241,0.913,RACE BANK
53.249,0.92,RACE BANK
53.231,0.868,RACE BANK
51.437,1.596,THANET
51.44,1.658,THANET
51.443,1.653,THANET
51.453,1.639,THANET
51.437,1.61,THANET
51.457,1.62,THANET
51.441,1.592,THANET
51.442,1.629,THANET
51.438,1.648,THANET
51.432,1.643,THANET
51.435,1.639,THANET
51.455,1.597,THANET
51.454,1.625,THANET
51.434,1.601,THANET
51.435,1.587,THANET
51.439,1.62,THANET
51.452,1.601,THANET
51.438,1.634,THANET
51.442,1.615,THANET
51.429,1.596,THANET
51.451,1.615,THANET
51.45,1.63,THANET
51.433,1.629,THANET
51.446,1.647,THANET
51.444,1.587,THANET
51.45,1.644,THANET
51.44,1.606,THANET
51.443,1.601,THANET
51.454,1.611,THANET
51.441,1.643,THANET
51.445,1.625,THANET
51.444,1.639,THANET
54.022,-3.489,WALNEY 1
51.448,1.62,THANET
54.029,-3.484,WALNEY 1
51.446,1.611,THANET
51.449,1.592,THANET
54.021,-3.525,WALNEY 1
54.032,-3.529,WALNEY 1
51.458,1.606,THANET
54.019,-3.503,WALNEY 1
54.035,-3.515,WALNEY 1
54.036,-3.478,WALNEY 1
54.031,-3.506,WALNEY 1
54.025,-3.534,WALNEY 1
54.034,-3.551,WALNEY 1
51.441,1.577,THANET
54.028,-3.52,WALNEY 1
51.456,1.634,THANET
54.03,-3.542,WALNEY 1
54.039,-3.464,WALNEY 1
54.027,-3.461,WALNEY 1
54.026,-3.497,WALNEY 1
54.033,-3.492,WALNEY 1
54.041,-3.487,WALNEY 1
51.447,1.634,THANET
54.042,-3.509,WALNEY 1
54.023,-3.511,WALNEY 1
51.449,1.606,THANET
54.032,-3.47,WALNEY 1
54.034,-3.456,WALNEY 1
51.446,1.596,THANET
51.447,1.582,THANET
54.041,-3.546,WALNEY 1
54.053,-3.549,WALNEY 1
54.056,-3.535,WALNEY 1
54.047,-3.518,WALNEY 1
54.044,-3.532,WALNEY 1
54.038,-3.501,WALNEY 1
54.052,-3.49,WALNEY 1
54.051,-3.527,WALNEY 1
54.046,-3.554,WALNEY 1
54.048,-3.54,WALNEY 1
54.07,-3.525,WALNEY 1
54.069,-3.588,WALNEY 2
54.037,-3.537,WALNEY 1
54.079,-3.542,WALNEY 2
54.056,-3.614,WALNEY 2
54.068,-3.562,WALNEY 2
54.055,-3.573,WALNEY 2
54.066,-3.516,WALNEY 1
54.057,-3.558,WALNEY 2
54.072,-3.547,WALNEY 2
54.04,-3.523,WALNEY 1
54.063,-3.53,WALNEY 1
54.058,-3.521,WALNEY 1
54.067,-3.538,WALNEY 1
54.068,-3.636,WALNEY 2
54.049,-3.504,WALNEY 1
54.06,-3.544,WALNEY 1
54.045,-3.496,WALNEY 1
54.05,-3.563,WALNEY 2
54.057,-3.499,WALNEY 1
54.054,-3.513,WALNEY 1
54.066,-3.622,WALNEY 2
54.063,-3.595,WALNEY 2
54.12,-3.622,WALNEY 2
54.084,-3.551,WALNEY 2
54.058,-3.626,WALNEY 2
54.046,-3.579,WALNEY 2
54.093,-3.568,WALNEY 2
54.084,-3.602,WALNEY 2
54.076,-3.582,WALNEY 2
54.096,-3.635,WALNEY 2
54.096,-3.653,WALNEY 2
54.08,-3.592,WALNEY 2
54.081,-3.565,WALNEY 2
54.085,-3.575,WALNEY 2
54.105,-3.618,WALNEY 2
54.101,-3.626,WALNEY 2
54.076,-3.556,WALNEY 2
54.092,-3.644,WALNEY 2
54.1,-3.645,WALNEY 2
54.072,-3.572,WALNEY 2
54.09,-3.585,WALNEY 2
54.05,-3.591,WALNEY 2
54.077,-3.614,WALNEY 2
54.065,-3.609,WALNEY 2
54.06,-3.583,WALNEY 2
54.019,-3.545,WALNEY EXTENSION 4
54.012,-3.591,WALNEY EXTENSION 4
54.016,-3.604,WALNEY EXTENSION 4
54.116,-3.613,WALNEY 2
54.027,-3.608,WALNEY EXTENSION 4
54.037,-3.61,WALNEY EXTENSION 4
54.042,-3.598,WALNEY EXTENSION 4
54.046,-3.612,WALNEY EXTENSION 4
54.02,-3.617,WALNEY EXTENSION 4
54.056,-3.653,WALNEY EXTENSION 4
54.074,-3.712,WALNEY EXTENSION 4
54.062,-3.568,WALNEY 2
54.032,-3.593,WALNEY EXTENSION 4
54.117,-3.642,WALNEY 2
54.11,-3.648,WALNEY 2
54.028,-3.575,WALNEY EXTENSION 4
54.042,-3.569,WALNEY 2
54.083,-3.713,WALNEY EXTENSION 4
54.018,-3.575,WALNEY EXTENSION 4
54.073,-3.601,WALNEY 2
54.11,-3.628,WALNEY 2
54.016,-3.56,WALNEY EXTENSION 4
54.022,-3.59,WALNEY EXTENSION 4
54.066,-3.578,WALNEY 2
54.071,-3.727,WALNEY EXTENSION 4
54.087,-3.728,WALNEY EXTENSION 4
54.037,-3.582,WALNEY EXTENSION 4
54.026,-3.558,WALNEY EXTENSION 4
54.079,-3.738,WALNEY EXTENSION 4
54.032,-3.656,WALNEY EXTENSION 4
54.046,-3.661,WALNEY EXTENSION 4
54.028,-3.643,WALNEY EXTENSION 4
54.039,-3.634,WALNEY EXTENSION 4
54.076,-3.755,WALNEY EXTENSION 4
54.033,-3.625,WALNEY EXTENSION 4
54.117,-3.763,WALNEY EXTENSION 4
53.957,-3.405,WEST OF DUDDON SANDS
53.967,-3.39,WEST OF DUDDON SANDS
53.977,-3.4,WEST OF DUDDON SANDS
53.98,-3.417,WEST OF DUDDON SANDS
54.08,-3.771,WALNEY EXTENSION 4
53.956,-3.443,WEST OF DUDDON SANDS
53.982,-3.406,WEST OF DUDDON SANDS
53.97,-3.406,WEST OF DUDDON SANDS
54.096,-3.757,WALNEY EXTENSION 4
54.101,-3.772,WALNEY EXTENSION 4
54.102,-3.744,WALNEY EXTENSION 4
54.093,-3.712,WALNEY EXTENSION 4
53.97,-3.461,WEST OF DUDDON SANDS
54.049,-3.627,WALNEY EXTENSION 4
54.098,-3.728,WALNEY EXTENSION 4
54.05,-3.643,WALNEY EXTENSION 4
54.126,-3.76,WALNEY EXTENSION 4
54.108,-3.729,WALNEY EXTENSION 4
54.069,-3.741,WALNEY EXTENSION 4
53.984,-3.395,WEST OF DUDDON SANDS
54.04,-3.649,WALNEY EXTENSION 4
54.089,-3.769,WALNEY EXTENSION 4
54.107,-3.76,WALNEY EXTENSION 4
53.963,-3.411,WEST OF DUDDON SANDS
53.973,-3.422,WEST OF DUDDON SANDS
53.975,-3.411,WEST OF DUDDON SANDS
53.947,-3.42,WEST OF DUDDON SANDS
53.961,-3.422,WEST OF DUDDON SANDS
53.968,-3.444,WEST OF DUDDON SANDS
53.958,-3.432,WEST OF DUDDON SANDS
53.989,-3.401,WEST OF DUDDON SANDS
53.985,-3.535,WEST OF DUDDON SANDS
53.989,-3.513,WEST OF DUDDON SANDS
54.002,-3.484,WEST OF DUDDON SANDS
54.005,-3.473,WEST OF DUDDON SANDS
53.961,-3.449,WEST OF DUDDON SANDS
54,-3.413,WEST OF DUDDON SANDS
53.997,-3.478,WEST OF DUDDON SANDS
53.979,-3.39,WEST OF DUDDON SANDS
53.987,-3.497,WEST OF DUDDON SANDS
53.985,-3.508,WEST OF DUDDON SANDS
54,-3.467,WEST OF DUDDON SANDS
53.968,-3.417,WEST OF DUDDON SANDS
53.985,-3.422,WEST OF DUDDON SANDS
53.952,-3.412,WEST OF DUDDON SANDS
53.965,-3.427,WEST OF DUDDON SANDS
53.953,-3.426,WEST OF DUDDON SANDS
53.951,-3.437,WEST OF DUDDON SANDS
53.966,-3.455,WEST OF DUDDON SANDS
53.972,-3.395,WEST OF DUDDON SANDS
54.007,-3.462,WEST OF DUDDON SANDS
53.963,-3.438,WEST OF DUDDON SANDS
53.962,-3.397,WEST OF DUDDON SANDS
53.989,-3.541,WEST OF DUDDON SANDS
53.149,1.13,SHERINGHAM SHOAL
51.415,1.68,THANET
51.426,1.652,THANET
53.159,1.09,SHERINGHAM SHOAL
53.163,1.121,SHERINGHAM SHOAL
53.161,1.105,SHERINGHAM SHOAL
53.161,1.131,SHERINGHAM SHOAL
53.151,1.095,SHERINGHAM SHOAL
53.144,1.099,SHERINGHAM SHOAL
51.43,1.671,THANET
51.429,1.648,THANET
53.139,1.12,SHERINGHAM SHOAL
53.142,1.11,SHERINGHAM SHOAL
51.431,1.657,THANET
53.173,1.08,SHERINGHAM SHOAL
53.146,1.115,SHERINGHAM SHOAL
53.156,1.126,SHERINGHAM SHOAL
53.134,1.114,SHERINGHAM SHOAL
51.437,1.662,THANET
53.147,1.14,SHERINGHAM SHOAL
53.144,1.125,SHERINGHAM SHOAL
53.149,1.105,SHERINGHAM SHOAL
53.166,1.111,SHERINGHAM SHOAL
53.171,1.091,SHERINGHAM SHOAL
53.129,1.109,SHERINGHAM SHOAL
51.419,1.662,THANET
53.156,1.151,SHERINGHAM SHOAL
51.428,1.662,THANET
53.159,1.115,SHERINGHAM SHOAL
53.168,1.101,SHERINGHAM SHOAL
53.159,1.141,SHERINGHAM SHOAL
53.163,1.095,SHERINGHAM SHOAL
51.411,1.647,THANET
51.424,1.629,THANET
51.409,1.638,THANET
51.415,1.628,THANET
51.434,1.653,THANET
51.423,1.643,THANET
51.413,1.671,THANET
51.416,1.666,THANET
51.404,1.671,THANET
51.422,1.657,THANET
51.409,1.624,THANET
51.414,1.643,THANET
51.406,1.68,THANET
51.416,1.614,THANET
51.422,1.605,THANET
51.408,1.652,THANET
51.417,1.652,THANET
51.418,1.676,THANET
51.413,1.619,THANET
51.41,1.675,THANET
51.41,1.661,THANET
51.425,1.667,THANET
51.405,1.656,THANET
51.424,1.681,THANET
51.421,1.619,THANET
51.434,1.667,THANET
51.422,1.671,THANET
51.412,1.633,THANET
51.427,1.676,THANET
51.407,1.666,THANET
51.42,1.648,THANET
51.413,1.657,THANET
51.438,1.582,THANET
51.405,1.642,THANET
51.419,1.61,THANET
51.425,1.615,THANET
51.436,1.624,THANET
51.417,1.638,THANET
51.418,1.624,THANET
51.406,1.628,THANET
51.425,1.6,THANET
51.428,1.61,THANET
51.427,1.624,THANET
51.432,1.591,THANET
51.43,1.62,THANET
51.433,1.615,THANET
51.431,1.605,THANET
51.421,1.633,THANET
51.429,1.634,THANET
51.426,1.638,THANET
51.577,1.505,LONDON ARRAY
51.651,1.522,LONDON ARRAY
51.675,1.544,LONDON ARRAY
51.661,1.548,LONDON ARRAY
51.633,1.534,LONDON ARRAY
51.644,1.512,LONDON ARRAY
51.687,1.522,LONDON ARRAY
51.446,1.117,KENTISH FLATS EXTENSION
51.461,1.054,KENTISH FLATS EXTENSION
51.681,1.489,LONDON ARRAY
51.631,1.493,LONDON ARRAY
51.65,1.546,LONDON ARRAY
51.676,1.52,LONDON ARRAY
51.451,1.056,KENTISH FLATS EXTENSION
51.447,1.072,KENTISH FLATS EXTENSION
51.662,1.524,LONDON ARRAY
51.443,1.089,KENTISH FLATS EXTENSION
51.664,1.541,LONDON ARRAY
51.466,1.048,KENTISH FLATS EXTENSION
51.647,1.529,LONDON ARRAY
51.672,1.527,LONDON ARRAY
51.641,1.519,LONDON ARRAY
51.655,1.515,LONDON ARRAY
51.644,1.536,LONDON ARRAY
51.46,1.044,KENTISH FLATS EXTENSION
51.684,1.505,LONDON ARRAY
51.654,1.538,LONDON ARRAY
51.447,1.128,KENTISH FLATS EXTENSION
51.669,1.534,LONDON ARRAY
51.666,1.517,LONDON ARRAY
51.457,1.059,KENTISH FLATS EXTENSION
51.69,1.514,LONDON ARRAY
51.685,1.481,LONDON ARRAY
51.625,1.548,LONDON ARRAY
51.67,1.486,LONDON ARRAY
51.667,1.494,LONDON ARRAY
51.652,1.498,LONDON ARRAY
51.673,1.503,LONDON ARRAY
51.597,1.533,LONDON ARRAY
51.612,1.529,LONDON ARRAY
51.658,1.531,LONDON ARRAY
51.63,1.517,LONDON ARRAY
51.648,1.505,LONDON ARRAY
51.695,1.508,LONDON ARRAY
51.68,1.512,LONDON ARRAY
51.683,1.529,LONDON ARRAY
51.663,1.501,LONDON ARRAY
51.629,1.541,LONDON ARRAY
51.579,1.545,LONDON ARRAY
51.64,1.543,LONDON ARRAY
51.679,1.536,LONDON ARRAY
51.583,1.538,LONDON ARRAY
51.637,1.527,LONDON ARRAY
51.691,1.492,LONDON ARRAY
51.641,1.496,LONDON ARRAY
51.688,1.498,LONDON ARRAY
51.659,1.508,LONDON ARRAY
51.674,1.479,LONDON ARRAY
51.677,1.496,LONDON ARRAY
51.66,1.484,LONDON ARRAY
51.656,1.491,LONDON ARRAY
51.636,1.55,LONDON ARRAY
51.608,1.536,LONDON ARRAY
51.588,1.484,LONDON ARRAY
51.616,1.498,LONDON ARRAY
51.604,1.455,LONDON ARRAY
51.578,1.481,LONDON ARRAY
51.595,1.493,LONDON ARRAY
51.604,1.543,LONDON ARRAY
51.62,1.491,LONDON ARRAY
51.623,1.507,LONDON ARRAY
51.619,1.515,LONDON ARRAY
51.594,1.429,LONDON ARRAY
51.626,1.524,LONDON ARRAY
51.593,1.453,LONDON ARRAY
51.591,1.5,LONDON ARRAY
51.602,1.503,LONDON ARRAY
51.6,1.462,LONDON ARRAY
51.586,1.443,LONDON ARRAY
51.651,1.434,LONDON ARRAY
51.627,1.5,LONDON ARRAY
51.649,1.482,LONDON ARRAY
51.603,1.479,LONDON ARRAY
51.622,1.531,LONDON ARRAY
51.65,1.458,LONDON ARRAY
51.59,1.436,LONDON ARRAY
51.592,1.477,LONDON ARRAY
51.589,1.46,LONDON ARRAY
51.614,1.458,LONDON ARRAY
51.605,1.519,LONDON ARRAY
51.615,1.522,LONDON ARRAY
51.587,1.507,LONDON ARRAY
51.614,1.546,LONDON ARRAY
51.617,1.474,LONDON ARRAY
51.618,1.538,LONDON ARRAY
51.607,1.448,LONDON ARRAY
51.599,1.486,LONDON ARRAY
51.585,1.49,LONDON ARRAY
51.646,1.465,LONDON ARRAY
51.645,1.489,LONDON ARRAY
51.585,1.467,LONDON ARRAY
51.58,1.522,LONDON ARRAY
51.638,1.479,LONDON ARRAY
51.596,1.47,LONDON ARRAY
51.647,1.441,LONDON ARRAY
51.636,1.463,LONDON ARRAY
51.643,1.448,LONDON ARRAY
51.64,1.432,LONDON ARRAY
51.612,1.505,LONDON ARRAY
51.613,1.481,LONDON ARRAY
51.61,1.489,LONDON ARRAY
51.635,1.486,LONDON ARRAY
51.638,1.503,LONDON ARRAY
51.61,1.465,LONDON ARRAY
51.639,1.455,LONDON ARRAY
51.634,1.51,LONDON ARRAY
51.606,1.495,LONDON ARRAY
51.642,1.472,LONDON ARRAY
51.607,1.472,LONDON ARRAY
51.581,1.474,LONDON ARRAY
51.582,1.45,LONDON ARRAY
51.581,1.498,LONDON ARRAY
51.609,1.512,LONDON ARRAY
51.584,1.515,LONDON ARRAY
51.598,1.51,LONDON ARRAY
51.597,1.446,LONDON ARRAY
51.621,1.467,LONDON ARRAY
51.628,1.564,LONDON ARRAY
51.626,1.437,LONDON ARRAY
51.629,1.453,LONDON ARRAY
51.575,1.552,LONDON ARRAY
51.618,1.451,LONDON ARRAY
51.627,1.413,LONDON ARRAY
51.612,1.418,LONDON ARRAY
51.614,1.569,LONDON ARRAY
51.605,1.432,LONDON ARRAY
51.636,1.439,LONDON ARRAY
51.611,1.441,LONDON ARRAY
51.632,1.47,LONDON ARRAY
51.632,1.557,LONDON ARRAY
51.657,1.555,LONDON ARRAY
51.622,1.444,LONDON ARRAY
51.623,1.42,LONDON ARRAY
51.621,1.555,LONDON ARRAY
51.611,1.553,LONDON ARRAY
51.619,1.427,LONDON ARRAY
51.582,1.562,LONDON ARRAY
51.633,1.446,LONDON ARRAY
51.618,1.562,LONDON ARRAY
51.603,1.567,LONDON ARRAY
51.607,1.56,LONDON ARRAY
51.598,1.424,LONDON ARRAY
51.628,1.477,LONDON ARRAY
51.633,1.422,LONDON ARRAY
51.596,1.557,LONDON ARRAY
51.625,1.46,LONDON ARRAY
51.608,1.425,LONDON ARRAY
51.624,1.484,LONDON ARRAY
51.664,1.477,LONDON ARRAY
54.084,-3.438,ORMONDE
51.601,1.526,LONDON ARRAY
51.658,1.444,LONDON ARRAY
51.678,1.472,LONDON ARRAY
51.667,1.47,LONDON ARRAY
51.594,1.517,LONDON ARRAY
51.592,1.564,LONDON ARRAY
54.087,-3.41,ORMONDE
54.081,-3.449,ORMONDE
51.589,1.548,LONDON ARRAY
54.081,-3.432,ORMONDE
54.081,-3.415,ORMONDE
51.657,1.467,LONDON ARRAY
51.664,1.453,LONDON ARRAY
51.671,1.463,LONDON ARRAY
54.078,-3.443,ORMONDE
54.078,-3.426,ORMONDE
51.669,1.51,LONDON ARRAY
54.084,-3.421,ORMONDE
51.654,1.451,LONDON ARRAY
54.074,-3.42,ORMONDE
51.59,1.524,LONDON ARRAY
51.593,1.541,LONDON ARRAY
54.084,-3.455,ORMONDE
51.587,1.531,LONDON ARRAY
51.6,1.55,LONDON ARRAY
51.653,1.474,LONDON ARRAY
54.09,-3.415,ORMONDE
51.586,1.555,LONDON ARRAY
51.576,1.529,LONDON ARRAY
51.66,1.461,LONDON ARRAY
54.1,-3.433,ORMONDE
54.759,-3.686,ROBIN RIGG
54.762,-3.715,ROBIN RIGG
54.09,-3.433,ORMONDE
54.097,-3.444,ORMONDE
54.761,-3.731,ROBIN RIGG
54.76,-3.724,ROBIN RIGG
54.762,-3.699,ROBIN RIGG
54.765,-3.728,ROBIN RIGG
54.757,-3.695,ROBIN RIGG
54.758,-3.702,ROBIN RIGG
54.094,-3.421,ORMONDE
54.097,-3.427,ORMONDE
54.764,-3.722,ROBIN RIGG
54.097,-3.462,ORMONDE
54.759,-3.74,ROBIN RIGG
54.755,-3.689,ROBIN RIGG
54.764,-3.69,ROBIN RIGG
54.087,-3.462,ORMONDE
54.1,-3.45,ORMONDE
54.094,-3.456,ORMONDE
54.761,-3.693,ROBIN RIGG
54.766,-3.712,ROBIN RIGG
54.094,-3.438,ORMONDE
54.087,-3.444,ORMONDE
54.763,-3.737,ROBIN RIGG
54.087,-3.427,ORMONDE
54.104,-3.439,ORMONDE
54.76,-3.708,ROBIN RIGG
54.091,-3.45,ORMONDE
54.074,-3.437,ORMONDE
54.746,-3.725,ROBIN RIGG
54.744,-3.735,ROBIN RIGG
54.74,-3.699,ROBIN RIGG
54.745,-3.719,ROBIN RIGG
54.739,-3.715,ROBIN RIGG
54.743,-3.712,ROBIN RIGG
54.753,-3.736,ROBIN RIGG
54.766,-3.696,ROBIN RIGG
54.758,-3.733,ROBIN RIGG
54.753,-3.698,ROBIN RIGG
54.755,-3.704,ROBIN RIGG
54.767,-3.719,ROBIN RIGG
54.755,-3.743,ROBIN RIGG
54.742,-3.705,ROBIN RIGG
54.756,-3.727,ROBIN RIGG
54.742,-3.728,ROBIN RIGG
54.754,-3.72,ROBIN RIGG
54.756,-3.711,ROBIN RIGG
54.768,-3.703,ROBIN RIGG
54.747,-3.709,ROBIN RIGG
54.737,-3.724,ROBIN RIGG
54.744,-3.696,ROBIN RIGG
54.758,-3.717,ROBIN RIGG
54.75,-3.739,ROBIN RIGG
54.738,-3.708,ROBIN RIGG
54.762,-3.684,ROBIN RIGG
54.741,-3.722,ROBIN RIGG
54.764,-3.706,ROBIN RIGG
54.746,-3.703,ROBIN RIGG
54.753,-3.714,ROBIN RIGG
54.737,-3.702,ROBIN RIGG
54.735,-3.718,ROBIN RIGG
54.643,-1.076,TEESSIDE
54.646,-1.095,TEESSIDE
54.647,-1.084,TEESSIDE
54.749,-3.7,ROBIN RIGG
54.648,-1.115,TEESSIDE
54.653,-1.112,TEESSIDE
54.639,-1.095,TEESSIDE
54.649,-1.088,TEESSIDE
54.645,-1.08,TEESSIDE
54.75,-3.723,ROBIN RIGG
54.651,-1.108,TEESSIDE
54.65,-1.119,TEESSIDE
54.638,-1.079,TEESSIDE
54.751,-3.707,ROBIN RIGG
54.749,-3.716,ROBIN RIGG
54.748,-3.732,ROBIN RIGG
54.651,-1.092,TEESSIDE
54.648,-1.099,TEESSIDE
54.751,-3.691,ROBIN RIGG
54.641,-1.072,TEESSIDE
54.637,-1.09,TEESSIDE
54.646,-1.111,TEESSIDE
54.649,-1.104,TEESSIDE
54.641,-1.099,TEESSIDE
54.653,-1.097,TEESSIDE
54.642,-1.087,TEESSIDE
54.643,-1.103,TEESSIDE
54.748,-3.694,ROBIN RIGG
54.752,-3.729,ROBIN RIGG
54.644,-1.091,TEESSIDE
54.645,-1.107,TEESSIDE
54.64,-1.083,TEESSIDE
51.698,1.501,LONDON ARRAY
54.77,-3.693,ROBIN RIGG
54.107,-3.445,ORMONDE
51.473,1.106,KENTISH FLATS
54.738,-3.731,ROBIN RIGG
51.466,1.037,KENTISH FLATS EXTENSION
51.922,1.869,GREATER GABBARD
51.445,1.106,KENTISH FLATS EXTENSION
54.071,-3.431,ORMONDE
51.442,1.078,KENTISH FLATS EXTENSION
51.954,1.875,GREATER GABBARD
53.874,-3.202,SHELL FLAT
55.099,2.703,DOGGER BANK
54.866,1.819,DOGGER BANK
51.446,1.062,KENTISH FLATS EXTENSION
51.888,1.998,GREATER GABBARD
52.214,2.502,EAST ANGLIA ONE
51.974,1.924,GREATER GABBARD
54.09,-3.468,ORMONDE
54.635,-1.086,TEESSIDE
51.456,1.05,KENTISH FLATS EXTENSION
51.872,1.941,GREATER GABBARD
51.448,1.137,KENTISH FLATS EXTENSION
51.943,1.922,GREATER GABBARD
51.87,1.85,GREATER GABBARD
51.578,1.569,LONDON ARRAY
51.624,1.571,LONDON ARRAY
51.579,1.458,LONDON ARRAY
51.634,1.41,LONDON ARRAY
54.083,-3.404,ORMONDE
53.637,0.262,HUMBER GATEWAY
54.64,-1.068,TEESSIDE
53.135,0.449,LYNN
51.463,1.063,KENTISH FLATS
55.14,-1.406,BLYTH
58.261,-2.824,BEATRICE
53.643,0.319,HUMBER GATEWAY
55.122,-1.396,BLYTH
58.268,-2.84,BEATRICE
55.148,-1.413,BLYTH
51.767,1.922,GREATER GABBARD
51.809,1.994,GREATER GABBARD
55.113,-1.393,BLYTH
58.289,-2.78,BEATRICE
53.86,-3.295,SHELL FLAT
58.253,-2.915,BEATRICE
51.395,-3.53,Unspecified
51.736,1.943,GREATER GABBARD
58.298,-2.882,BEATRICE
55.131,-1.401,BLYTH
58.211,-2.981,BEATRICE
58.288,-2.885,BEATRICE
54.769,-3.709,ROBIN RIGG
51.446,1.078,KENTISH FLATS
51.594,1.386,LONDON ARRAY
53.158,0.648,DOCKING SHOAL
54.655,-1.101,TEESSIDE
51.859,1.895,GREATER GABBARD
51.475,-3.849,SCARWEATHER SANDS
58.278,-2.889,BEATRICE
58.257,-2.843,BEATRICE
58.281,-2.817,BEATRICE
58.302,-2.81,BEATRICE
58.264,-2.806,BEATRICE
58.27,-2.926,BEATRICE
58.264,-2.858,BEATRICE
58.285,-2.798,BEATRICE
58.309,-2.825,BEATRICE
58.291,-2.867,BEATRICE
58.274,-2.855,BEATRICE
58.274,-2.908,BEATRICE
58.271,-2.821,BEATRICE
58.305,-2.844,BEATRICE
58.264,-2.911,BEATRICE
58.281,-2.87,BEATRICE
58.313,-2.807,BEATRICE
58.285,-2.851,BEATRICE
58.292,-2.814,BEATRICE
58.25,-2.933,BEATRICE
58.26,-2.877,BEATRICE
58.302,-2.863,BEATRICE
58.309,-2.878,BEATRICE
58.284,-2.904,BEATRICE
58.254,-2.862,BEATRICE
58.288,-2.833,BEATRICE
58.316,-2.841,BEATRICE
58.247,-2.847,BEATRICE
58.312,-2.86,BEATRICE
58.278,-2.836,BEATRICE
58.267,-2.892,BEATRICE
58.299,-2.829,BEATRICE
58.215,-2.963,BEATRICE
58.208,-2.947,BEATRICE
58.191,-2.935,BEATRICE
58.212,-2.929,BEATRICE
58.205,-2.913,BEATRICE
58.295,-2.795,BEATRICE
58.319,-2.822,BEATRICE
58.233,-2.922,BEATRICE
58.243,-2.918,BEATRICE
58.236,-2.903,BEATRICE
58.275,-2.802,BEATRICE
58.24,-2.884,BEATRICE
58.271,-2.874,BEATRICE
58.229,-2.888,BEATRICE
58.222,-2.925,BEATRICE
58.233,-2.869,BEATRICE
58.202,-2.932,BEATRICE
58.281,-2.923,BEATRICE
58.195,-2.917,BEATRICE
58.295,-2.848,BEATRICE
58.215,-2.91,BEATRICE
58.243,-2.865,BEATRICE
58.226,-2.906,BEATRICE
58.223,-2.872,BEATRICE
58.295,-2.901,BEATRICE
58.229,-2.94,BEATRICE
58.219,-2.891,BEATRICE
58.236,-2.956,BEATRICE
58.225,-2.959,BEATRICE
58.205,-2.966,BEATRICE
58.219,-2.944,BEATRICE
58.246,-2.952,BEATRICE
58.323,-2.856,BEATRICE
58.299,-2.776,BEATRICE
57.212,-1.999,ABERDEEN
57.216,-2.011,ABERDEEN
57.23,-1.974,ABERDEEN
50.679,-0.256,RAMPION
50.684,-0.247,RAMPION
50.697,-0.213,RAMPION
57.228,-2.002,ABERDEEN
50.677,-0.245,RAMPION
50.686,-0.258,RAMPION
50.672,-0.253,RAMPION
58.2,-2.95,BEATRICE
58.232,-2.974,BEATRICE
50.67,-0.244,RAMPION
50.695,-0.242,RAMPION
57.224,-2.013,ABERDEEN
50.689,-0.239,RAMPION
57.22,-2,ABERDEEN
58.237,-2.85,BEATRICE
50.669,-0.205,RAMPION
50.694,-0.231,RAMPION
50.682,-0.237,RAMPION
50.698,-0.223,RAMPION
50.69,-0.25,RAMPION
58.256,-2.949,BEATRICE
58.209,-2.896,BEATRICE
58.25,-2.828,BEATRICE
58.182,-2.937,BEATRICE
58.208,-3,BEATRICE
57.234,-1.99,ABERDEEN
57.224,-1.988,ABERDEEN
50.667,-0.222,RAMPION
50.683,-0.209,RAMPION
50.667,-0.194,RAMPION
50.705,-0.225,RAMPION
50.658,-0.21,RAMPION
50.655,-0.228,RAMPION
50.671,-0.282,RAMPION
50.663,-0.202,RAMPION
50.678,-0.217,RAMPION
50.697,-0.252,RAMPION
50.671,-0.215,RAMPION
50.702,-0.243,RAMPION
50.659,-0.249,RAMPION
50.66,-0.22,RAMPION
50.69,-0.211,RAMPION
50.703,-0.215,RAMPION
50.7,-0.233,RAMPION
50.663,-0.241,RAMPION
50.701,-0.205,RAMPION
50.657,-0.239,RAMPION
50.681,-0.198,RAMPION
50.676,-0.206,RAMPION
50.688,-0.201,RAMPION
50.674,-0.196,RAMPION
50.668,-0.3,RAMPION
50.654,-0.257,RAMPION
50.665,-0.251,RAMPION
50.662,-0.231,RAMPION
50.661,-0.259,RAMPION
50.692,-0.221,RAMPION
50.673,-0.225,RAMPION
50.675,-0.235,RAMPION
53.641,0.278,HUMBER GATEWAY
53.651,0.282,HUMBER GATEWAY
53.64,0.286,HUMBER GATEWAY
53.62,0.287,HUMBER GATEWAY
53.621,0.278,HUMBER GATEWAY
53.653,0.264,HUMBER GATEWAY
53.644,0.302,HUMBER GATEWAY
53.634,0.297,HUMBER GATEWAY
53.629,0.3,HUMBER GATEWAY
53.657,0.27,HUMBER GATEWAY
53.65,0.299,HUMBER GATEWAY
53.655,0.297,HUMBER GATEWAY
53.656,0.279,HUMBER GATEWAY
53.647,0.275,HUMBER GATEWAY
53.624,0.293,HUMBER GATEWAY
53.647,0.266,HUMBER GATEWAY
53.636,0.28,HUMBER GATEWAY
53.66,0.303,HUMBER GATEWAY
53.637,0.271,HUMBER GATEWAY
53.645,0.293,HUMBER GATEWAY
53.64,0.295,HUMBER GATEWAY
53.625,0.285,HUMBER GATEWAY
53.652,0.273,HUMBER GATEWAY
53.631,0.282,HUMBER GATEWAY
53.661,0.286,HUMBER GATEWAY
53.631,0.273,HUMBER GATEWAY
53.639,0.304,HUMBER GATEWAY
53.642,0.269,HUMBER GATEWAY
53.627,0.276,HUMBER GATEWAY
53.65,0.29,HUMBER GATEWAY
53.649,0.308,HUMBER GATEWAY
53.653,0.314,HUMBER GATEWAY
53.663,0.319,HUMBER GATEWAY
53.648,0.317,HUMBER GATEWAY
51.938,1.984,GREATER GABBARD
51.924,1.987,GREATER GABBARD
51.952,1.998,GREATER GABBARD
51.964,1.985,GREATER GABBARD
51.951,1.964,GREATER GABBARD
51.915,1.982,GREATER GABBARD
51.893,1.982,GREATER GABBARD
53.66,0.294,HUMBER GATEWAY
51.896,1.996,GREATER GABBARD
53.644,0.31,HUMBER GATEWAY
53.653,0.323,HUMBER GATEWAY
53.659,0.312,HUMBER GATEWAY
51.977,1.991,GREATER GABBARD
53.658,0.321,HUMBER GATEWAY
51.935,1.969,GREATER GABBARD
51.92,1.973,GREATER GABBARD
53.664,0.31,HUMBER GATEWAY
51.941,1.998,GREATER GABBARD
53.646,0.284,HUMBER GATEWAY
53.63,0.291,HUMBER GATEWAY
53.635,0.289,HUMBER GATEWAY
53.656,0.288,HUMBER GATEWAY
51.962,1.998,GREATER GABBARD
53.654,0.306,HUMBER GATEWAY
53.634,0.306,HUMBER GATEWAY
53.638,0.313,HUMBER GATEWAY
51.945,1.973,GREATER GABBARD
51.878,1.922,GREATER GABBARD
51.862,1.859,GREATER GABBARD
51.894,1.956,GREATER GABBARD
51.917,1.958,GREATER GABBARD
51.923,1.949,GREATER GABBARD
51.876,1.956,GREATER GABBARD
51.903,1.962,GREATER GABBARD
51.901,1.923,GREATER GABBARD
51.932,1.993,GREATER GABBARD
51.961,1.97,GREATER GABBARD
51.953,1.984,GREATER GABBARD
51.978,1.976,GREATER GABBARD
51.864,1.913,GREATER GABBARD
51.905,1.938,GREATER GABBARD
51.885,1.951,GREATER GABBARD
51.86,1.898,GREATER GABBARD
51.888,1.966,GREATER GABBARD
51.912,1.967,GREATER GABBARD
51.906,1.977,GREATER GABBARD
51.885,1.872,GREATER GABBARD
51.897,1.971,GREATER GABBARD
51.929,1.978,GREATER GABBARD
51.902,1.988,GREATER GABBARD
51.899,1.947,GREATER GABBARD
51.978,1.954,GREATER GABBARD
51.869,1.927,GREATER GABBARD
51.928,1.939,GREATER GABBARD
51.882,1.857,GREATER GABBARD
51.91,1.929,GREATER GABBARD
51.884,1.984,GREATER GABBARD
51.881,1.897,GREATER GABBARD
51.887,1.927,GREATER GABBARD
51.912,1.888,GREATER GABBARD
51.917,1.878,GREATER GABBARD
51.914,1.864,GREATER GABBARD
51.908,1.873,GREATER GABBARD
51.903,1.882,GREATER GABBARD
51.958,1.889,GREATER GABBARD
51.898,1.908,GREATER GABBARD
51.89,1.942,GREATER GABBARD
51.944,1.893,GREATER GABBARD
51.876,1.867,GREATER GABBARD
51.97,1.958,GREATER GABBARD
51.872,1.909,GREATER GABBARD
51.94,1.879,GREATER GABBARD
51.89,1.863,GREATER GABBARD
51.863,1.887,GREATER GABBARD
51.889,1.903,GREATER GABBARD
51.926,1.963,GREATER GABBARD
51.872,1.895,GREATER GABBARD
51.949,1.884,GREATER GABBARD
51.899,1.868,GREATER GABBARD
51.952,1.899,GREATER GABBARD
51.92,1.893,GREATER GABBARD
51.947,1.908,GREATER GABBARD
51.935,1.888,GREATER GABBARD
51.931,1.874,GREATER GABBARD
51.893,1.917,GREATER GABBARD
51.896,1.932,GREATER GABBARD
51.894,1.877,GREATER GABBARD
51.896,1.855,GREATER GABBARD
51.929,1.898,GREATER GABBARD
51.938,1.903,GREATER GABBARD
51.884,1.912,GREATER GABBARD
51.962,1.947,GREATER GABBARD
51.942,1.935,GREATER GABBARD
51.789,1.985,GREATER GABBARD
51.925,1.925,GREATER GABBARD
51.908,1.952,GREATER GABBARD
51.946,1.95,GREATER GABBARD
51.919,1.934,GREATER GABBARD
51.907,1.914,GREATER GABBARD
51.956,1.913,GREATER GABBARD
51.773,1.982,GREATER GABBARD
51.78,1.987,GREATER GABBARD
51.783,1.932,GREATER GABBARD
51.775,1.94,GREATER GABBARD
51.775,1.927,GREATER GABBARD
51.786,1.998,GREATER GABBARD
51.932,1.954,GREATER GABBARD
51.775,1.97,GREATER GABBARD
51.783,1.976,GREATER GABBARD
51.94,1.959,GREATER GABBARD
51.88,1.97,GREATER GABBARD
51.968,1.908,GREATER GABBARD
51.779,1.953,GREATER GABBARD
51.965,1.918,GREATER GABBARD
51.783,1.945,GREATER GABBARD
51.916,1.919,GREATER GABBARD
51.934,1.93,GREATER GABBARD
51.937,1.945,GREATER GABBARD
51.951,1.941,GREATER GABBARD
51.771,1.949,GREATER GABBARD
51.778,1.998,GREATER GABBARD
51.791,1.949,GREATER GABBARD
51.453,1.131,KENTISH FLATS
51.757,1.974,GREATER GABBARD
51.45,1.101,KENTISH FLATS
51.743,1.948,GREATER GABBARD
51.763,1.944,GREATER GABBARD
51.803,1.967,GREATER GABBARD
51.759,1.985,GREATER GABBARD
51.755,1.995,GREATER GABBARD
51.467,1.102,KENTISH FLATS
51.47,1.076,KENTISH FLATS
51.802,1.998,GREATER GABBARD
51.472,1.096,KENTISH FLATS
51.795,1.962,GREATER GABBARD
51.765,1.978,GREATER GABBARD
51.767,1.965,GREATER GABBARD
51.794,1.998,GREATER GABBARD
51.764,1.998,GREATER GABBARD
51.469,1.066,KENTISH FLATS
51.748,1.969,GREATER GABBARD
51.88,1.937,GREATER GABBARD
51.467,1.113,KENTISH FLATS
51.471,1.086,KENTISH FLATS
51.449,1.091,KENTISH FLATS
51.747,1.934,GREATER GABBARD
51.742,1.96,GREATER GABBARD
51.797,1.986,GREATER GABBARD
51.77,1.993,GREATER GABBARD
51.759,1.959,GREATER GABBARD
51.751,1.982,GREATER GABBARD
51.751,1.954,GREATER GABBARD
51.755,1.939,GREATER GABBARD
51.453,1.075,KENTISH FLATS
51.457,1.071,KENTISH FLATS
51.455,1.095,KENTISH FLATS
51.457,1.115,KENTISH FLATS
51.459,1.088,KENTISH FLATS
51.466,1.093,KENTISH FLATS
51.461,1.099,KENTISH FLATS
51.458,1.125,KENTISH FLATS
51.452,1.121,KENTISH FLATS
51.464,1.073,KENTISH FLATS
51.454,1.085,KENTISH FLATS
51.463,1.119,KENTISH FLATS
51.462,1.109,KENTISH FLATS
51.459,1.079,KENTISH FLATS
51.465,1.083,KENTISH FLATS
51.451,1.111,KENTISH FLATS
51.448,1.081,KENTISH FLATS
51.456,1.105,KENTISH FLATS
53.794,0.196,WESTERMOST ROUGH
53.811,0.112,WESTERMOST ROUGH
54.005,-3.445,WEST OF DUDDON SANDS
53.808,0.179,WESTERMOST ROUGH
54.018,-3.475,WEST OF DUDDON SANDS
53.807,0.202,WESTERMOST ROUGH
53.782,0.168,WESTERMOST ROUGH
53.815,0.17,WESTERMOST ROUGH
53.824,0.118,WESTERMOST ROUGH
53.835,0.168,WESTERMOST ROUGH
53.801,0.188,WESTERMOST ROUGH
53.814,0.193,WESTERMOST ROUGH
53.817,0.126,WESTERMOST ROUGH
54.021,-3.463,WEST OF DUDDON SANDS
53.829,0.154,WESTERMOST ROUGH
53.997,-3.451,WEST OF DUDDON SANDS
53.828,0.176,WESTERMOST ROUGH
53.822,0.162,WESTERMOST ROUGH
53.836,0.146,WESTERMOST ROUGH
54.017,-3.445,WEST OF DUDDON SANDS
54.002,-3.429,WEST OF DUDDON SANDS
53.777,0.131,WESTERMOST ROUGH
54.002,-3.456,WEST OF DUDDON SANDS
53.783,0.145,WESTERMOST ROUGH
53.818,0.104,WESTERMOST ROUGH
53.994,-3.546,WEST OF DUDDON SANDS
54.002,-3.543,WEST OF DUDDON SANDS
53.83,0.132,WESTERMOST ROUGH
53.8,0.21,WESTERMOST ROUGH
57.208,-2.01,ABERDEEN
53.804,0.12,WESTERMOST ROUGH
53.797,0.128,WESTERMOST ROUGH
53.788,0.182,WESTERMOST ROUGH
53.812,0.089,WESTERMOST ROUGH
53.799,0.106,WESTERMOST ROUGH
53.842,0.16,WESTERMOST ROUGH
53.77,0.14,WESTERMOST ROUGH
53.79,0.137,WESTERMOST ROUGH
58.096,-3.073,BEATRICE
53.177,2.985,EAST ANGLIA
57.24,-1.976,ABERDEEN
53.663,0.327,HUMBER GATEWAY
53.638,0.321,HUMBER GATEWAY
53.784,0.123,WESTERMOST ROUGH
53.776,0.154,WESTERMOST ROUGH
53.624,0.302,HUMBER GATEWAY
53.621,0.269,HUMBER GATEWAY
53.619,0.295,HUMBER GATEWAY
53.669,0.316,HUMBER GATEWAY
53.789,0.16,WESTERMOST ROUGH
53.821,0.185,WESTERMOST ROUGH
53.633,0.315,HUMBER GATEWAY
57.216,-1.986,ABERDEEN
53.796,0.151,WESTERMOST ROUGH
53.647,0.326,HUMBER GATEWAY
58.1,-3.082,BEATRICE
53.791,0.114,WESTERMOST ROUGH
53.805,0.098,WESTERMOST ROUGH
53.662,0.268,HUMBER GATEWAY
53.642,0.328,HUMBER GATEWAY
54.024,-3.475,WALNEY 1
53.628,0.309,HUMBER GATEWAY
53.668,0.325,HUMBER GATEWAY
53.648,0.258,HUMBER GATEWAY
53.616,0.272,HUMBER GATEWAY
53.662,0.277,HUMBER GATEWAY
53.615,0.289,HUMBER GATEWAY
53.669,0.307,HUMBER GATEWAY
53.657,0.33,HUMBER GATEWAY
54.125,-3.857,WALNEY EXTENSION 3
54.129,-3.872,WALNEY EXTENSION 3
54.105,-3.86,WALNEY EXTENSION 3
54.132,-3.809,WALNEY EXTENSION 3
53.658,0.262,HUMBER GATEWAY
54.12,-3.874,WALNEY EXTENSION 3
53.666,0.292,HUMBER GATEWAY
54.126,-3.825,WALNEY EXTENSION 3
54.136,-3.824,WALNEY EXTENSION 3
54.138,-3.796,WALNEY EXTENSION 3
54.109,-3.845,WALNEY EXTENSION 3
53.643,0.26,HUMBER GATEWAY
53.615,0.281,HUMBER GATEWAY
54.125,-3.917,WALNEY EXTENSION 3
51.468,1.056,KENTISH FLATS
53.627,0.267,HUMBER GATEWAY
54.149,-3.798,WALNEY EXTENSION 3
54.135,-3.856,WALNEY EXTENSION 3
53.632,0.265,HUMBER GATEWAY
53.653,0.255,HUMBER GATEWAY
54.118,-3.84,WALNEY EXTENSION 3
54.12,-3.904,WALNEY EXTENSION 3
54.002,-3.556,WEST OF DUDDON SANDS
54.153,-3.812,WALNEY EXTENSION 3
54.146,-3.827,WALNEY EXTENSION 3
54.117,-3.825,WALNEY EXTENSION 3
54.115,-3.857,WALNEY EXTENSION 3
54.11,-3.874,WALNEY EXTENSION 3
54.138,-3.84,WALNEY EXTENSION 3
54.138,-3.875,WALNEY EXTENSION 3
54.142,-3.811,WALNEY EXTENSION 3
54.145,-3.848,WALNEY EXTENSION 3
56.213,-2.165,NEART NA GAOITHE
54.125,-3.89,WALNEY EXTENSION 3
54.109,-3.902,WALNEY EXTENSION 3
56.255,-2.19,NEART NA GAOITHE
56.277,-2.212,NEART NA GAOITHE
56.285,-2.22,NEART NA GAOITHE
56.287,-2.2,NEART NA GAOITHE
54.115,-3.889,WALNEY EXTENSION 3
54.109,-3.83,WALNEY EXTENSION 3
56.239,-2.194,NEART NA GAOITHE
54.153,-3.839,WALNEY EXTENSION 3
54.099,-3.87,WALNEY EXTENSION 3
56.279,-2.192,NEART NA GAOITHE
54.128,-3.841,WALNEY EXTENSION 3
54.132,-3.903,WALNEY EXTENSION 3
54.009,-3.424,WEST OF DUDDON SANDS
53.997,-3.423,WEST OF DUDDON SANDS
53.98,-3.502,WEST OF DUDDON SANDS
54.012,-3.44,WEST OF DUDDON SANDS
53.988,-3.44,WEST OF DUDDON SANDS
53.995,-3.407,WEST OF DUDDON SANDS
54.007,-3.434,WEST OF DUDDON SANDS
54.007,-3.522,WEST OF DUDDON SANDS
53.98,-3.529,WEST OF DUDDON SANDS
53.99,-3.429,WEST OF DUDDON SANDS
53.982,-3.491,WEST OF DUDDON SANDS
53.973,-3.507,WEST OF DUDDON SANDS
53.963,-3.495,WEST OF DUDDON SANDS
53.966,-3.512,WEST OF DUDDON SANDS
53.978,-3.513,WEST OF DUDDON SANDS
53.987,-3.411,WEST OF DUDDON SANDS
54.015,-3.486,WEST OF DUDDON SANDS
54.014,-3.456,WEST OF DUDDON SANDS
53.954,-3.484,WEST OF DUDDON SANDS
53.97,-3.518,WEST OF DUDDON SANDS
54.014,-3.429,WEST OF DUDDON SANDS
53.982,-3.518,WEST OF DUDDON SANDS
53.987,-3.524,WEST OF DUDDON SANDS
54.012,-3.468,WEST OF DUDDON SANDS
53.995,-3.434,WEST OF DUDDON SANDS
54.005,-3.418,WEST OF DUDDON SANDS
53.993,-3.445,WEST OF DUDDON SANDS
54.009,-3.479,WEST OF DUDDON SANDS
53.968,-3.501,WEST OF DUDDON SANDS
53.993,-3.418,WEST OF DUDDON SANDS
54.01,-3.45,WEST OF DUDDON SANDS
53.975,-3.523,WEST OF DUDDON SANDS
53.975,-3.466,WEST OF DUDDON SANDS
53.958,-3.489,WEST OF DUDDON SANDS
53.945,-3.446,WEST OF DUDDON SANDS
53.975,-3.496,WEST OF DUDDON SANDS
53.946,-3.488,WEST OF DUDDON SANDS
53.951,-3.494,WEST OF DUDDON SANDS
53.999,-3.525,WEST OF DUDDON SANDS
53.961,-3.506,WEST OF DUDDON SANDS
54.005,-3.532,WEST OF DUDDON SANDS
54.001,-3.514,WEST OF DUDDON SANDS
53.994,-3.519,WEST OF DUDDON SANDS
54.004,-3.5,WEST OF DUDDON SANDS
53.956,-3.5,WEST OF DUDDON SANDS
54.01,-3.508,WEST OF DUDDON SANDS
53.992,-3.53,WEST OF DUDDON SANDS
54.004,-3.5,WEST OF DUDDON SANDS
53.992,-3.503,WEST OF DUDDON SANDS
54,-3.495,WEST OF DUDDON SANDS
54,-3.554,WEST OF DUDDON SANDS
53.997,-3.509,WEST OF DUDDON SANDS
54.024,-3.451,WEST OF DUDDON SANDS
53.945,-3.43,WEST OF DUDDON SANDS
54.019,-3.435,WEST OF DUDDON SANDS
53.997,-3.536,WEST OF DUDDON SANDS
53.946,-3.474,WEST OF DUDDON SANDS
54,-3.439,WEST OF DUDDON SANDS
54.007,-3.49,WEST OF DUDDON SANDS
54.013,-3.497,WEST OF DUDDON SANDS
54.663,1.978,Dogger Bank A
53.454,0.943,TRITON KNOLL
54.789,1.637,Dogger Bank A
53.525,0.722,TRITON KNOLL
54.688,1.959,Dogger Bank A
54.696,1.834,Dogger Bank A
54.828,1.882,Dogger Bank A
54.673,1.994,Dogger Bank A
54.803,1.714,Dogger Bank A
54.701,1.813,Dogger Bank A
54.74,1.649,Dogger Bank A
54.686,1.875,Dogger Bank A
54.764,1.637,Dogger Bank A
54.7,2.04,Dogger Bank A
54.681,1.895,Dogger Bank A
53.501,0.897,TRITON KNOLL
54.682,2.009,Dogger Bank A
54.828,1.771,Dogger Bank A
54.735,1.67,Dogger Bank A
54.828,1.838,Dogger Bank A
54.828,1.793,Dogger Bank A
53.416,0.981,TRITON KNOLL
53.486,0.697,TRITON KNOLL
54.791,2.104,Dogger Bank A
54.829,1.927,Dogger Bank A
53.53,0.789,TRITON KNOLL
53.535,0.855,TRITON KNOLL
54.691,2.025,Dogger Bank A
54.792,2.049,Dogger Bank A
54.728,2.086,Dogger Bank A
54.676,1.916,Dogger Bank A
54.737,1.854,Dogger Bank A
54.829,1.993,Dogger Bank A
54.752,1.875,Dogger Bank A
54.829,1.971,Dogger Bank A
54.792,2.195,Dogger Bank A
54.807,2.069,Dogger Bank A
54.667,1.957,Dogger Bank A
54.794,1.993,Dogger Bank A
54.754,1.819,Dogger Bank A
54.829,2.038,Dogger Bank A
54.829,2.149,Dogger Bank A
54.829,2.105,Dogger Bank A
54.814,2.208,Dogger Bank A
54.75,1.931,Dogger Bank A
54.822,2.19,Dogger Bank A
54.735,1.91,Dogger Bank A
54.829,2.083,Dogger Bank A
54.829,2.172,Dogger Bank A
54.739,1.799,Dogger Bank A
54.829,2.127,Dogger Bank A
54.672,1.936,Dogger Bank A
54.826,1.637,Dogger Bank A
54.829,2.06,Dogger Bank A
54.767,1.896,Dogger Bank A
54.706,1.793,Dogger Bank A
54.828,1.815,Dogger Bank A
54.809,2.014,Dogger Bank A
54.829,1.949,Dogger Bank A
54.802,2.21,Dogger Bank A
54.829,2.016,Dogger Bank A
54.722,1.834,Dogger Bank A
54.721,1.889,Dogger Bank A
54.826,1.66,Dogger Bank A
54.726,1.711,Dogger Bank A
54.74,1.743,Dogger Bank A
54.776,2.084,Dogger Bank A
54.783,2.179,Dogger Bank A
54.702,1.98,Dogger Bank A
54.757,1.708,Dogger Bank A
54.704,1.924,Dogger Bank A
54.751,1.637,Dogger Bank A
54.777,1.637,Dogger Bank A
54.691,1.854,Dogger Bank A
54.768,1.84,Dogger Bank A
54.716,1.752,Dogger Bank A
54.828,1.86,Dogger Bank A
54.802,1.637,Dogger Bank A
54.761,2.063,Dogger Bank A
54.734,1.966,Dogger Bank A
54.756,2.133,Dogger Bank A
54.785,1.805,Dogger Bank A
54.774,2.164,Dogger Bank A
54.786,1.749,Dogger Bank A
54.711,1.772,Dogger Bank A
54.828,1.904,Dogger Bank A
54.77,1.784,Dogger Bank A
54.737,2.102,Dogger Bank A
54.717,2.001,Dogger Bank A
54.719,1.945,Dogger Bank A
54.747,2.042,Dogger Bank A
54.765,2.148,Dogger Bank A
54.721,1.731,Dogger Bank A
54.805,2.125,Dogger Bank A
54.778,2.028,Dogger Bank A
54.772,1.729,Dogger Bank A
54.801,1.77,Dogger Bank A
54.755,1.764,Dogger Bank A
54.73,1.69,Dogger Bank A
54.746,2.117,Dogger Bank A
54.773,1.673,Dogger Bank A
54.788,1.693,Dogger Bank A
56.554,-1.787,SEAGREEN
56.549,-1.773,SEAGREEN
56.637,-1.876,SEAGREEN
56.576,-1.773,SEAGREEN
56.527,-1.787,SEAGREEN
56.526,-1.744,SEAGREEN
56.654,-1.847,SEAGREEN
56.647,-1.746,SEAGREEN
56.563,-1.773,SEAGREEN
56.571,-1.759,SEAGREEN
56.669,-1.731,SEAGREEN
56.588,-1.889,SEAGREEN
56.605,-1.861,SEAGREEN
56.545,-1.758,SEAGREEN
56.598,-1.759,SEAGREEN
56.591,-1.817,SEAGREEN
56.625,-1.76,SEAGREEN
56.635,-1.789,SEAGREEN
56.64,-1.803,SEAGREEN
56.644,-1.818,SEAGREEN
56.596,-1.831,SEAGREEN
56.661,-1.746,SEAGREEN
56.618,-1.817,SEAGREEN
56.583,-1.875,SEAGREEN
56.517,-1.917,SEAGREEN
56.603,-1.774,SEAGREEN
56.578,-1.86,SEAGREEN
56.558,-1.759,SEAGREEN
56.622,-1.832,SEAGREEN
56.61,-1.875,SEAGREEN
56.568,-1.788,SEAGREEN
56.541,-1.787,SEAGREEN
56.547,-1.845,SEAGREEN
56.521,-1.888,SEAGREEN
56.611,-1.557,SEAGREEN
56.534,-1.888,SEAGREEN
56.529,-1.83,SEAGREEN
56.526,-1.902,SEAGREEN
56.562,-1.571,SEAGREEN
56.551,-1.816,SEAGREEN
56.537,-1.816,SEAGREEN
56.539,-1.903,SEAGREEN
56.577,-1.614,SEAGREEN
56.555,-1.628,SEAGREEN
56.621,-1.586,SEAGREEN
56.543,-1.874,SEAGREEN
56.53,-1.874,SEAGREEN
56.545,-1.599,SEAGREEN
56.524,-1.816,SEAGREEN
56.542,-1.83,SEAGREEN
56.589,-1.571,SEAGREEN
56.606,-1.542,SEAGREEN
56.572,-1.6,SEAGREEN
56.624,-1.557,SEAGREEN
56.584,-1.557,SEAGREEN
56.544,-1.556,SEAGREEN
56.594,-1.586,SEAGREEN
56.538,-1.859,SEAGREEN
56.557,-1.556,SEAGREEN
56.548,-1.888,SEAGREEN
56.567,-1.585,SEAGREEN
56.541,-1.628,SEAGREEN
56.52,-1.844,SEAGREEN
56.552,-1.86,SEAGREEN
56.55,-1.614,SEAGREEN
56.532,-1.801,SEAGREEN
56.618,-1.658,SEAGREEN
56.522,-1.931,SEAGREEN
56.608,-1.629,SEAGREEN
56.559,-1.802,SEAGREEN
56.553,-1.903,SEAGREEN
56.599,-1.6,SEAGREEN
56.537,-1.614,SEAGREEN
56.564,-1.816,SEAGREEN
56.566,-1.903,SEAGREEN
56.556,-1.874,SEAGREEN
56.546,-1.802,SEAGREEN
56.562,-1.73,SEAGREEN
56.555,-1.831,SEAGREEN
56.615,-1.731,SEAGREEN
56.623,-1.673,SEAGREEN
56.533,-1.643,SEAGREEN
56.591,-1.658,SEAGREEN
56.565,-1.86,SEAGREEN
56.586,-1.802,SEAGREEN
56.56,-1.845,SEAGREEN
56.569,-1.831,SEAGREEN
56.586,-1.643,SEAGREEN
56.579,-1.701,SEAGREEN
56.571,-1.918,SEAGREEN
56.574,-1.687,SEAGREEN
56.557,-1.917,SEAGREEN
56.561,-1.889,SEAGREEN
56.601,-1.687,SEAGREEN
56.574,-1.845,SEAGREEN
56.613,-1.644,SEAGREEN
56.598,-1.918,SEAGREEN
56.589,-1.933,SEAGREEN
56.624,-1.919,SEAGREEN
56.656,-1.934,SEAGREEN
56.606,-1.904,SEAGREEN
56.579,-1.903,SEAGREEN
56.659,-1.702,SEAGREEN
56.564,-1.657,SEAGREEN
56.664,-1.717,SEAGREEN
56.584,-1.918,SEAGREEN
56.576,-1.932,SEAGREEN
56.629,-1.933,SEAGREEN
56.556,-1.672,SEAGREEN
56.56,-1.643,SEAGREEN
56.655,-1.688,SEAGREEN
56.669,-1.891,SEAGREEN
56.672,-1.659,SEAGREEN
56.642,-1.731,SEAGREEN
56.645,-1.659,SEAGREEN
56.637,-1.716,SEAGREEN
56.633,-1.702,SEAGREEN
56.638,-1.919,SEAGREEN
56.66,-1.905,SEAGREEN
56.67,-1.934,SEAGREEN
56.602,-1.933,SEAGREEN
56.659,-1.862,SEAGREEN
56.65,-1.673,SEAGREEN
56.616,-1.933,SEAGREEN
56.553,-1.542,SEAGREEN
56.667,-1.644,SEAGREEN
56.538,-1.657,SEAGREEN
53.847,2.136,HORNSEA 1
53.876,1.98,HORNSEA 1
53.846,2.175,HORNSEA 1
53.847,2.095,HORNSEA 1
53.853,2.047,HORNSEA 1
53.841,2.06,HORNSEA 1
53.834,2.014,HORNSEA 1
53.911,1.983,HORNSEA 1
53.9,1.996,HORNSEA 1
53.911,2.107,HORNSEA 1
53.868,2.154,HORNSEA 1
53.89,2.131,HORNSEA 1
53.901,2.119,HORNSEA 1
53.865,1.992,HORNSEA 1
53.879,2.143,HORNSEA 1
56.528,-1.628,SEAGREEN
53.859,2.123,HORNSEA 1
53.837,2.147,HORNSEA 1
53.845,2.22,HORNSEA 1
56.532,-1.599,SEAGREEN
53.854,2.004,HORNSEA 1
53.855,2.209,HORNSEA 1
53.843,2.016,HORNSEA 1
53.837,2.106,HORNSEA 1
53.838,2.204,HORNSEA 1
53.857,1.96,HORNSEA 1
53.891,2.146,HORNSEA 1
53.858,2.166,HORNSEA 1
53.826,2.143,HORNSEA 1
53.845,1.972,HORNSEA 1
53.857,2.083,HORNSEA 1
53.834,1.949,HORNSEA 1
53.889,2.173,HORNSEA 1
53.907,2.07,HORNSEA 1
53.908,1.944,HORNSEA 1
53.829,2.101,HORNSEA 1
53.868,1.947,HORNSEA 1
53.879,1.935,HORNSEA 1
53.933,2.083,HORNSEA 1
53.886,2.094,HORNSEA 1
53.947,2.109,HORNSEA 1
53.919,2.057,HORNSEA 1
53.868,2.072,HORNSEA 1
53.888,2.049,HORNSEA 1
53.9,2.037,HORNSEA 1
53.897,2.081,HORNSEA 1
53.878,2.06,HORNSEA 1
53.824,2.157,HORNSEA 1
53.886,1.968,HORNSEA 1
53.888,2.009,HORNSEA 1
53.864,2.034,HORNSEA 1
53.826,2.128,HORNSEA 1
53.865,2.175,HORNSEA 1
53.952,2.079,HORNSEA 1
53.941,2.091,HORNSEA 1
53.869,2.112,HORNSEA 1
53.922,2.136,HORNSEA 1
53.93,2.045,HORNSEA 1
53.919,2.016,HORNSEA 1
53.909,2.027,HORNSEA 1
53.919,2.115,HORNSEA 1
53.876,2.021,HORNSEA 1
53.897,1.956,HORNSEA 1
53.944,2.072,HORNSEA 1
53.846,1.888,HORNSEA 1
53.837,1.828,HORNSEA 1
53.846,1.854,HORNSEA 1
53.835,1.909,HORNSEA 1
53.847,1.786,HORNSEA 1
53.845,1.765,HORNSEA 1
53.85,1.67,HORNSEA 1
53.858,1.795,HORNSEA 1
53.835,1.745,HORNSEA 1
53.847,1.808,HORNSEA 1
53.919,1.933,HORNSEA 1
53.951,1.771,HORNSEA 1
53.834,1.894,HORNSEA 1
53.836,1.665,HORNSEA 1
53.847,1.835,HORNSEA 1
53.93,1.794,HORNSEA 1
53.939,1.751,HORNSEA 1
53.922,2.095,HORNSEA 1
53.837,1.681,HORNSEA 1
53.831,2.042,HORNSEA 1
53.834,1.997,HORNSEA 1
53.904,1.79,HORNSEA 1
53.835,1.703,HORNSEA 1
53.916,1.777,HORNSEA 1
53.836,1.805,HORNSEA 1
53.928,1.764,HORNSEA 1
53.847,1.929,HORNSEA 1
53.917,1.759,HORNSEA 1
53.851,1.729,HORNSEA 1
53.83,2.058,HORNSEA 1
53.849,1.699,HORNSEA 1
53.854,1.755,HORNSEA 1
53.898,1.872,HORNSEA 1
53.909,1.819,HORNSEA 1
53.864,1.744,HORNSEA 1
53.883,1.724,HORNSEA 1
53.882,1.849,HORNSEA 1
53.872,1.758,HORNSEA 1
53.87,1.783,HORNSEA 1
53.892,1.758,HORNSEA 1
53.919,1.808,HORNSEA 1
53.87,1.904,HORNSEA 1
53.973,1.715,HORNSEA 1
53.893,1.836,HORNSEA 1
53.881,1.77,HORNSEA 1
53.904,1.745,HORNSEA 1
53.883,1.814,HORNSEA 1
53.87,1.862,HORNSEA 1
53.858,1.917,HORNSEA 1
53.902,1.91,HORNSEA 1
53.915,1.732,HORNSEA 1
53.871,1.809,HORNSEA 1
53.96,1.76,HORNSEA 1
53.922,1.847,HORNSEA 1
53.87,1.828,HORNSEA 1
53.886,1.886,HORNSEA 1
53.914,1.897,HORNSEA 1
53.953,1.718,HORNSEA 1
53.895,1.732,HORNSEA 1
53.885,1.66,HORNSEA 1
53.867,1.68,HORNSEA 1
53.91,1.859,HORNSEA 1
53.891,1.922,HORNSEA 1
53.934,1.833,HORNSEA 1
53.894,1.784,HORNSEA 1
53.858,1.841,HORNSEA 1
53.916,1.686,HORNSEA 1
53.908,1.696,HORNSEA 1
53.892,1.803,HORNSEA 1
53.827,2.2,HORNSEA 1
53.836,2.23,HORNSEA 1
53.865,2.199,HORNSEA 1
53.95,1.739,HORNSEA 1
53.823,2.176,HORNSEA 1
53.937,1.708,HORNSEA 1
53.868,1.71,HORNSEA 1
53.934,2.123,HORNSEA 1
53.926,1.72,HORNSEA 1
53.962,1.709,HORNSEA 1
53.899,1.706,HORNSEA 1
53.873,1.734,HORNSEA 1
53.88,2.182,HORNSEA 1
53.9,2.161,HORNSEA 1
53.916,1.709,HORNSEA 1
53.955,2.1,HORNSEA 1
53.858,1.875,HORNSEA 1
53.934,1.689,HORNSEA 1
53.942,1.731,HORNSEA 1
53.939,2.035,HORNSEA 1
53.923,1.97,HORNSEA 1
53.886,1.69,HORNSEA 1
53.962,1.726,HORNSEA 1
53.969,1.75,HORNSEA 1
53.971,1.699,HORNSEA 1
52.287,2.549,EAST ANGLIA ONE
53.911,2.148,HORNSEA 1
53.862,1.656,HORNSEA 1
52.271,2.526,EAST ANGLIA ONE
52.267,2.559,EAST ANGLIA ONE
53.925,1.885,HORNSEA 1
53.835,1.874,HORNSEA 1
53.941,1.782,HORNSEA 1
53.835,1.849,HORNSEA 1
52.293,2.545,EAST ANGLIA ONE
52.306,2.538,EAST ANGLIA ONE
52.281,2.552,EAST ANGLIA ONE
53.834,1.934,HORNSEA 1
53.834,1.978,HORNSEA 1
52.165,2.487,EAST ANGLIA ONE
53.977,1.742,HORNSEA 1
53.828,2.087,HORNSEA 1
53.836,1.651,HORNSEA 1
52.274,2.557,EAST ANGLIA ONE
52.278,2.522,EAST ANGLIA ONE
52.313,2.535,EAST ANGLIA ONE
52.3,2.542,EAST ANGLIA ONE
53.832,2.028,HORNSEA 1
53.909,1.664,HORNSEA 1
53.835,1.724,HORNSEA 1
53.835,1.784,HORNSEA 1
52.284,2.518,EAST ANGLIA ONE
53.835,1.765,HORNSEA 1
53.829,2.073,HORNSEA 1
52.297,2.512,EAST ANGLIA ONE
53.926,1.675,HORNSEA 1
52.319,2.53,EAST ANGLIA ONE
52.271,2.462,EAST ANGLIA ONE
52.281,2.489,EAST ANGLIA ONE
52.31,2.505,EAST ANGLIA ONE
52.258,2.469,EAST ANGLIA ONE
52.268,2.496,EAST ANGLIA ONE
52.291,2.515,EAST ANGLIA ONE
52.239,2.479,EAST ANGLIA ONE
52.303,2.508,EAST ANGLIA ONE
52.246,2.539,EAST ANGLIA ONE
52.265,2.465,EAST ANGLIA ONE
52.191,2.537,EAST ANGLIA ONE
52.278,2.459,EAST ANGLIA ONE
52.239,2.543,EAST ANGLIA ONE
52.242,2.509,EAST ANGLIA ONE
52.274,2.492,EAST ANGLIA ONE
52.323,2.561,EAST ANGLIA ONE
52.287,2.486,EAST ANGLIA ONE
52.252,2.536,EAST ANGLIA ONE
52.261,2.499,EAST ANGLIA ONE
52.214,2.493,EAST ANGLIA ONE
52.198,2.534,EAST ANGLIA ONE
52.185,2.541,EAST ANGLIA ONE
52.3,2.478,EAST ANGLIA ONE
52.316,2.501,EAST ANGLIA ONE
52.255,2.503,EAST ANGLIA ONE
52.258,2.532,EAST ANGLIA ONE
52.178,2.544,EAST ANGLIA ONE
52.2,2.436,EAST ANGLIA ONE
52.265,2.529,EAST ANGLIA ONE
52.293,2.481,EAST ANGLIA ONE
52.317,2.565,EAST ANGLIA ONE
52.204,2.53,EAST ANGLIA ONE
52.162,2.521,EAST ANGLIA ONE
52.159,2.49,EAST ANGLIA ONE
52.172,2.547,EAST ANGLIA ONE
52.162,2.458,EAST ANGLIA ONE
52.194,2.44,EAST ANGLIA ONE
52.227,2.55,EAST ANGLIA ONE
52.175,2.514,EAST ANGLIA ONE
52.235,2.449,EAST ANGLIA ONE
52.196,2.471,EAST ANGLIA ONE
52.169,2.517,EAST ANGLIA ONE
52.168,2.453,EAST ANGLIA ONE
52.156,2.524,EAST ANGLIA ONE
52.175,2.451,EAST ANGLIA ONE
52.181,2.511,EAST ANGLIA ONE
52.233,2.546,EAST ANGLIA ONE
52.207,2.496,EAST ANGLIA ONE
52.203,2.467,EAST ANGLIA ONE
52.181,2.447,EAST ANGLIA ONE
52.207,2.434,EAST ANGLIA ONE
52.246,2.475,EAST ANGLIA ONE
52.235,2.512,EAST ANGLIA ONE
52.21,2.464,EAST ANGLIA ONE
52.211,2.528,EAST ANGLIA ONE
52.172,2.484,EAST ANGLIA ONE
52.178,2.48,EAST ANGLIA ONE
52.188,2.507,EAST ANGLIA ONE
52.194,2.503,EAST ANGLIA ONE
52.184,2.477,EAST ANGLIA ONE
52.191,2.473,EAST ANGLIA ONE
52.22,2.553,EAST ANGLIA ONE
52.252,2.472,EAST ANGLIA ONE
52.306,2.475,EAST ANGLIA ONE
52.242,2.446,EAST ANGLIA ONE
52.213,2.429,EAST ANGLIA ONE
52.165,2.549,EAST ANGLIA ONE
52.152,2.493,EAST ANGLIA ONE
52.214,2.556,EAST ANGLIA ONE
52.261,2.562,EAST ANGLIA ONE
52.187,2.443,EAST ANGLIA ONE
52.216,2.46,EAST ANGLIA ONE
52.284,2.455,EAST ANGLIA ONE
52.229,2.453,EAST ANGLIA ONE
52.22,2.49,EAST ANGLIA ONE
52.15,2.528,EAST ANGLIA ONE
58.182,-2.82,MORAY EAST
52.155,2.462,EAST ANGLIA ONE
52.201,2.5,EAST ANGLIA ONE
54.772,-3.701,ROBIN RIGG
52.226,2.486,EAST ANGLIA ONE
52.309,2.568,EAST ANGLIA ONE
52.223,2.52,EAST ANGLIA ONE
52.325,2.528,EAST ANGLIA ONE
52.217,2.523,EAST ANGLIA ONE
52.223,2.456,EAST ANGLIA ONE
52.229,2.516,EAST ANGLIA ONE
52.329,2.558,EAST ANGLIA ONE
52.323,2.498,EAST ANGLIA ONE
52.232,2.483,EAST ANGLIA ONE
54.136,-3.756,WALNEY EXTENSION 3
54.125,-3.631,WALNEY 2
54.111,-3.604,WALNEY 2
54.097,-3.577,WALNEY 2
54.036,-3.669,WALNEY EXTENSION 4
54.06,-3.639,WALNEY 2
54.088,-3.56,WALNEY 2
54.104,-3.655,WALNEY 2
54.114,-3.917,WALNEY EXTENSION 3
54.144,-3.862,WALNEY EXTENSION 3
54.068,-3.757,WALNEY EXTENSION 4
54.038,-3.56,WALNEY 1
54.075,-3.533,WALNEY 1
54.097,-3.85,WALNEY EXTENSION 3
54.008,-3.578,WALNEY EXTENSION 4
54.061,-3.507,WALNEY 1
54.024,-3.63,WALNEY EXTENSION 4
54.03,-3.447,WALNEY 1
54.157,-3.826,WALNEY EXTENSION 3
54.065,-3.646,WALNEY 2
54.134,-3.888,WALNEY EXTENSION 3
54.043,-3.473,WALNEY 1
54.016,-3.517,WALNEY 1
54.104,-3.886,WALNEY EXTENSION 3
54.144,-3.784,WALNEY EXTENSION 3
54.053,-3.602,WALNEY 2
54.135,-3.917,WALNEY EXTENSION 3
54.131,-3.741,WALNEY EXTENSION 4
54.088,-3.652,WALNEY 2
58.226,-2.631,MORAY EAST
58.186,-2.632,MORAY EAST
58.165,-2.632,MORAY EAST
58.257,-2.684,MORAY EAST
58.135,-2.659,MORAY EAST
58.247,-2.684,MORAY EAST
58.207,-2.816,MORAY EAST
58.257,-2.657,MORAY EAST
58.115,-2.685,MORAY EAST
58.236,-2.602,MORAY EAST
58.196,-2.632,MORAY EAST
58.165,-2.606,MORAY EAST
58.175,-2.606,MORAY EAST
58.267,-2.684,MORAY EAST
58.185,-2.579,MORAY EAST
58.247,-2.658,MORAY EAST
54.048,-3.482,WALNEY 1
58.258,-2.763,MORAY EAST
58.217,-2.816,MORAY EAST
58.287,-2.684,MORAY EAST
58.175,-2.579,MORAY EAST
58.195,-2.579,MORAY EAST
58.256,-2.631,MORAY EAST
58.197,-2.842,MORAY EAST
58.076,-2.869,MORAY EAST
58.155,-2.58,MORAY EAST
58.236,-2.631,MORAY EAST
58.135,-2.711,MORAY EAST
58.146,-2.737,MORAY EAST
58.247,-2.763,MORAY EAST
58.207,-2.79,MORAY EAST
58.227,-2.79,MORAY EAST
58.197,-2.79,MORAY EAST
58.187,-2.79,MORAY EAST
58.207,-2.763,MORAY EAST
58.277,-2.684,MORAY EAST
58.145,-2.632,MORAY EAST
58.125,-2.711,MORAY EAST
58.166,-2.79,MORAY EAST
58.156,-2.79,MORAY EAST
58.246,-2.631,MORAY EAST
58.155,-2.606,MORAY EAST
58.217,-2.79,MORAY EAST
58.146,-2.79,MORAY EAST
58.116,-2.764,MORAY EAST
58.226,-2.605,MORAY EAST
58.125,-2.685,MORAY EAST
58.155,-2.632,MORAY EAST
58.177,-2.79,MORAY EAST
58.288,-2.71,MORAY EAST
58.136,-2.79,MORAY EAST
58.156,-2.711,MORAY EAST
58.116,-2.79,MORAY EAST
58.125,-2.659,MORAY EAST
58.267,-2.657,MORAY EAST
58.135,-2.632,MORAY EAST
58.166,-2.711,MORAY EAST
58.146,-2.711,MORAY EAST
58.206,-2.632,MORAY EAST
58.237,-2.684,MORAY EAST
58.206,-2.684,MORAY EAST
58.196,-2.684,MORAY EAST
58.135,-2.685,MORAY EAST
58.156,-2.685,MORAY EAST
58.277,-2.71,MORAY EAST
58.267,-2.71,MORAY EAST
58.176,-2.685,MORAY EAST
58.228,-2.816,MORAY EAST
58.126,-2.79,MORAY EAST
58.227,-2.684,MORAY EAST
58.247,-2.71,MORAY EAST
58.237,-2.71,MORAY EAST
58.187,-2.816,MORAY EAST
58.105,-2.764,MORAY EAST
58.145,-2.685,MORAY EAST
58.227,-2.71,MORAY EAST
58.166,-2.685,MORAY EAST
58.197,-2.816,MORAY EAST
58.217,-2.711,MORAY EAST
58.237,-2.789,MORAY EAST
58.257,-2.71,MORAY EAST
58.136,-2.816,MORAY EAST
58.196,-2.711,MORAY EAST
58.106,-2.79,MORAY EAST
58.176,-2.711,MORAY EAST
58.157,-2.816,MORAY EAST
58.105,-2.738,MORAY EAST
58.115,-2.711,MORAY EAST
58.146,-2.816,MORAY EAST
58.167,-2.816,MORAY EAST
58.177,-2.816,MORAY EAST
53.497,0.844,TRITON KNOLL
53.429,0.939,TRITON KNOLL
53.476,0.779,TRITON KNOLL
53.489,0.737,TRITON KNOLL
53.512,0.828,TRITON KNOLL
53.499,0.756,TRITON KNOLL
53.482,0.859,TRITON KNOLL
53.491,0.878,TRITON KNOLL
58.086,-2.817,MORAY EAST
53.493,0.79,TRITON KNOLL
53.466,0.874,TRITON KNOLL
53.516,0.767,TRITON KNOLL
58.086,-2.869,MORAY EAST
58.106,-2.843,MORAY EAST
53.462,0.821,TRITON KNOLL
53.445,0.924,TRITON KNOLL
53.487,0.825,TRITON KNOLL
58.106,-2.816,MORAY EAST
53.443,0.897,TRITON KNOLL
58.207,-2.842,MORAY EAST
53.518,0.794,TRITON KNOLL
58.116,-2.842,MORAY EAST
53.478,0.806,TRITON KNOLL
53.497,0.73,TRITON KNOLL
53.514,0.741,TRITON KNOLL
58.278,-2.736,MORAY EAST
58.116,-2.816,MORAY EAST
58.096,-2.843,MORAY EAST
53.505,0.722,TRITON KNOLL
58.086,-2.843,MORAY EAST
53.507,0.748,TRITON KNOLL
53.491,0.764,TRITON KNOLL
53.453,0.916,TRITON KNOLL
53.429,0.876,TRITON KNOLL
53.466,0.76,TRITON KNOLL
53.459,0.781,TRITON KNOLL
53.531,0.802,TRITON KNOLL
53.46,0.909,TRITON KNOLL
53.47,0.814,TRITON KNOLL
53.472,0.84,TRITON KNOLL
53.435,0.905,TRITON KNOLL
53.424,0.974,TRITON KNOLL
53.485,0.912,TRITON KNOLL
53.437,0.932,TRITON KNOLL
53.507,0.862,TRITON KNOLL
53.439,0.844,TRITON KNOLL
53.499,0.706,TRITON KNOLL
53.453,0.802,TRITON KNOLL
53.522,0.847,TRITON KNOLL
53.473,0.739,TRITON KNOLL
53.458,0.882,TRITON KNOLL
53.48,0.718,TRITON KNOLL
53.422,0.947,TRITON KNOLL
53.534,0.842,TRITON KNOLL
53.52,0.82,TRITON KNOLL
53.527,0.749,TRITON KNOLL
53.484,0.772,TRITON KNOLL
53.503,0.809,TRITON KNOLL
53.499,0.87,TRITON KNOLL
53.468,0.901,TRITON KNOLL
53.476,0.893,TRITON KNOLL
53.449,0.863,TRITON KNOLL
53.532,0.816,TRITON KNOLL
53.533,0.829,TRITON KNOLL
53.512,0.714,TRITON KNOLL
53.529,0.776,TRITON KNOLL
53.443,0.834,TRITON KNOLL
53.415,0.918,TRITON KNOLL
53.508,0.889,TRITON KNOLL
53.47,0.927,TRITON KNOLL
53.41,0.952,TRITON KNOLL
53.422,0.897,TRITON KNOLL
53.431,0.966,TRITON KNOLL
53.439,0.958,TRITON KNOLL
53.462,0.935,TRITON KNOLL
53.447,0.95,TRITON KNOLL
53.526,0.736,TRITON KNOLL
53.419,0.907,TRITON KNOLL
53.432,0.865,TRITON KNOLL
53.47,0.75,TRITON KNOLL
53.411,0.965,TRITON KNOLL
53.483,0.708,TRITON KNOLL
53.532,0.866,TRITON KNOLL
53.478,0.92,TRITON KNOLL
53.456,0.792,TRITON KNOLL
53.528,0.762,TRITON KNOLL
53.476,0.729,TRITON KNOLL
53.449,0.813,TRITON KNOLL
53.412,0.928,TRITON KNOLL
53.436,0.855,TRITON KNOLL
53.463,0.771,TRITON KNOLL
53.516,0.881,TRITON KNOLL
53.524,0.874,TRITON KNOLL
53.304,0.772,RACE BANK
53.289,0.794,RACE BANK
53.327,0.785,RACE BANK
53.312,0.799,RACE BANK
53.296,0.796,RACE BANK
53.271,0.813,RACE BANK
53.278,0.818,RACE BANK
53.275,0.832,RACE BANK
53.297,0.783,RACE BANK
53.325,0.823,RACE BANK
53.277,0.804,RACE BANK
53.299,0.834,RACE BANK
53.328,0.811,RACE BANK
53.301,0.813,RACE BANK
53.289,0.844,RACE BANK
53.319,0.815,RACE BANK
53.327,0.773,RACE BANK
53.312,0.783,RACE BANK
53.329,0.797,RACE BANK
53.304,0.797,RACE BANK
53.283,0.831,RACE BANK
53.306,0.828,RACE BANK
53.335,0.789,RACE BANK
53.281,0.795,RACE BANK
53.312,0.772,RACE BANK
53.286,0.821,RACE BANK
53.335,0.804,RACE BANK
53.315,0.827,RACE BANK
53.284,0.808,RACE BANK
53.32,0.801,RACE BANK
53.289,0.779,RACE BANK
53.282,0.782,RACE BANK
53.334,0.776,RACE BANK
53.502,-3.305,BURBO BANK EXTENSION
53.465,-3.233,BURBO BANK EXTENSION
53.502,-3.235,BURBO BANK EXTENSION
53.471,-3.318,BURBO BANK EXTENSION
53.502,-3.353,BURBO BANK EXTENSION
53.502,-3.338,BURBO BANK EXTENSION
56.534,-1.686,SEAGREEN
53.502,-3.252,BURBO BANK EXTENSION
53.296,0.771,RACE BANK
53.483,-3.232,BURBO BANK EXTENSION
53.477,-3.329,BURBO BANK EXTENSION
53.465,-3.266,BURBO BANK EXTENSION
53.502,-3.269,BURBO BANK EXTENSION
53.294,0.821,RACE BANK
53.465,-3.217,BURBO BANK EXTENSION
52.669,1.785,SCROBY SANDS
53.484,-3.341,BURBO BANK EXTENSION
53.468,-3.188,BURBO BANK EXTENSION
53.465,-3.305,BURBO BANK EXTENSION
53.465,-3.201,BURBO BANK EXTENSION
53.473,-3.213,BURBO BANK EXTENSION
53.319,0.773,RACE BANK
53.493,-3.237,BURBO BANK EXTENSION
56.538,-1.498,SEAGREEN
53.465,-3.282,BURBO BANK EXTENSION
53.465,-3.249,BURBO BANK EXTENSION
53.502,-3.287,BURBO BANK EXTENSION
53.502,-3.32,BURBO BANK EXTENSION
53.335,0.819,RACE BANK
56.579,-1.542,SEAGREEN
56.566,-1.542,SEAGREEN
56.643,-1.572,SEAGREEN
56.635,-1.63,SEAGREEN
56.63,-1.774,SEAGREEN
56.634,-1.586,SEAGREEN
56.64,-1.644,SEAGREEN
56.575,-1.528,SEAGREEN
56.539,-1.542,SEAGREEN
56.662,-1.63,SEAGREEN
56.556,-1.513,SEAGREEN
56.63,-1.615,SEAGREEN
56.608,-1.788,SEAGREEN
56.561,-1.527,SEAGREEN
56.534,-1.527,SEAGREEN
56.531,-1.556,SEAGREEN
56.543,-1.513,SEAGREEN
56.626,-1.6,SEAGREEN
56.657,-1.615,SEAGREEN
51.739,1.988,GALLOPER
51.75,2.024,GALLOPER
51.808,2.015,GALLOPER
51.898,2.011,GALLOPER
51.801,2.014,GALLOPER
51.988,1.972,GALLOPER
51.991,2.067,GALLOPER
51.927,2.008,GALLOPER
51.926,2.024,GALLOPER
51.765,2.027,GALLOPER
51.916,2.022,GALLOPER
51.808,2.033,GALLOPER
51.744,2.023,GALLOPER
51.814,2.051,GALLOPER
51.975,2.017,GALLOPER
51.995,2.02,GALLOPER
51.758,2.025,GALLOPER
51.794,2.013,GALLOPER
51.815,2.034,GALLOPER
51.745,2.006,GALLOPER
51.985,2.019,GALLOPER
51.924,2.055,GALLOPER
51.996,1.989,GALLOPER
51.733,1.97,GALLOPER
51.986,2.003,GALLOPER
51.793,2.031,GALLOPER
51.906,2.02,GALLOPER
51.8,2.032,GALLOPER
51.921,2.086,GALLOPER
51.987,1.987,GALLOPER
51.935,2.026,GALLOPER
51.743,1.249,GUNFLEET SANDS 1
51.73,1.216,GUNFLEET SANDS 1
51.746,1.232,GUNFLEET SANDS 1
51.718,1.197,GUNFLEET SANDS 1
51.727,1.219,GUNFLEET SANDS 1
51.786,2.029,GALLOPER
51.736,1.255,GUNFLEET SANDS 1
51.75,2.041,GALLOPER
51.971,2.079,GALLOPER
51.821,2.052,GALLOPER
51.98,2.081,GALLOPER
51.981,2.065,GALLOPER
51.979,2.097,GALLOPER
51.731,1.23,GUNFLEET SANDS 1
51.725,1.191,GUNFLEET SANDS 1
51.987,2.098,GALLOPER
51.715,1.2,GUNFLEET SANDS 1
51.972,2.063,GALLOPER
51.726,1.205,GUNFLEET SANDS 1
51.739,1.238,GUNFLEET SANDS 1
51.73,1.202,GUNFLEET SANDS 1
51.74,1.252,GUNFLEET SANDS 1
51.742,1.235,GUNFLEET SANDS 1
51.735,1.241,GUNFLEET SANDS 1
51.732,1.244,GUNFLEET SANDS 1
51.738,1.224,GUNFLEET SANDS 1
51.742,1.221,GUNFLEET SANDS 1
51.728,1.233,GUNFLEET SANDS 1
51.99,2.082,GALLOPER
51.735,1.227,GUNFLEET SANDS 1
51.747,1.246,GUNFLEET SANDS 1
51.97,2.095,GALLOPER
51.724,1.236,GUNFLEET SANDS 2
51.734,1.272,GUNFLEET SANDS 2
51.725,1.25,GUNFLEET SANDS 2
51.737,1.21,GUNFLEET SANDS 1
51.721,1.239,GUNFLEET SANDS 2
51.723,1.222,GUNFLEET SANDS 1
51.726,1.197,GUNFLEET SANDS 1
51.729,1.188,GUNFLEET SANDS 1
51.711,1.203,GUNFLEET SANDS 2
51.708,1.206,GUNFLEET SANDS 2
51.729,1.247,GUNFLEET SANDS 2
51.729,1.261,GUNFLEET SANDS 2
51.742,1.293,GUNFLEET SANDS 2
51.704,1.195,GUNFLEET SANDS DEMO
51.712,1.217,GUNFLEET SANDS 2
51.719,1.211,GUNFLEET SANDS 1
51.75,1.243,GUNFLEET SANDS 1
51.722,1.194,GUNFLEET SANDS 1
51.707,1.192,GUNFLEET SANDS DEMO
51.72,1.225,GUNFLEET SANDS 2
53.452,-3.462,GWYNT Y MOR
51.734,1.213,GUNFLEET SANDS 1
51.716,1.214,GUNFLEET SANDS 2
51.733,1.258,GUNFLEET SANDS 2
51.733,1.199,GUNFLEET SANDS 1
51.746,1.29,GUNFLEET SANDS 2
51.737,1.269,GUNFLEET SANDS 2
51.738,1.283,GUNFLEET SANDS 2
51.741,1.28,GUNFLEET SANDS 2
51.717,1.228,GUNFLEET SANDS 2
51.723,1.208,GUNFLEET SANDS 1
53.479,-3.565,GWYNT Y MOR
53.474,-3.549,GWYNT Y MOR
53.491,-3.565,GWYNT Y MOR
53.469,-3.511,GWYNT Y MOR
53.48,-3.554,GWYNT Y MOR
53.446,-3.565,GWYNT Y MOR
53.474,-3.56,GWYNT Y MOR
53.468,-3.543,GWYNT Y MOR
53.452,-3.527,GWYNT Y MOR
53.452,-3.538,GWYNT Y MOR
53.485,-3.517,GWYNT Y MOR
53.485,-3.56,GWYNT Y MOR
53.452,-3.549,GWYNT Y MOR
53.452,-3.559,GWYNT Y MOR
53.452,-3.516,GWYNT Y MOR
53.469,-3.522,GWYNT Y MOR
53.469,-3.533,GWYNT Y MOR
53.468,-3.554,GWYNT Y MOR
53.474,-3.527,GWYNT Y MOR
53.457,-3.532,GWYNT Y MOR
53.48,-3.544,GWYNT Y MOR
53.457,-3.522,GWYNT Y MOR
53.446,-3.554,GWYNT Y MOR
53.49,-3.6,GWYNT Y MOR
53.474,-3.538,GWYNT Y MOR
53.452,-3.505,GWYNT Y MOR
53.485,-3.549,GWYNT Y MOR
53.48,-3.522,GWYNT Y MOR
53.48,-3.533,GWYNT Y MOR
53.485,-3.538,GWYNT Y MOR
53.49,-3.59,GWYNT Y MOR
53.474,-3.516,GWYNT Y MOR
53.462,-3.616,GWYNT Y MOR
53.458,-3.5,GWYNT Y MOR
53.463,-3.538,GWYNT Y MOR
53.463,-3.605,GWYNT Y MOR
53.463,-3.527,GWYNT Y MOR
53.457,-3.543,GWYNT Y MOR
53.457,-3.565,GWYNT Y MOR
53.462,-3.627,GWYNT Y MOR
53.457,-3.632,GWYNT Y MOR
53.457,-3.611,GWYNT Y MOR
53.451,-3.627,GWYNT Y MOR
53.458,-3.489,GWYNT Y MOR
53.474,-3.606,GWYNT Y MOR
53.474,-3.627,GWYNT Y MOR
53.463,-3.495,GWYNT Y MOR
53.457,-3.511,GWYNT Y MOR
53.457,-3.554,GWYNT Y MOR
53.463,-3.505,GWYNT Y MOR
53.463,-3.595,GWYNT Y MOR
53.479,-3.6,GWYNT Y MOR
53.463,-3.549,GWYNT Y MOR
53.457,-3.621,GWYNT Y MOR
53.468,-3.565,GWYNT Y MOR
53.462,-3.638,GWYNT Y MOR
53.451,-3.638,GWYNT Y MOR
53.463,-3.56,GWYNT Y MOR
53.446,-3.61,GWYNT Y MOR
53.479,-3.611,GWYNT Y MOR
53.44,-3.57,GWYNT Y MOR
53.474,-3.616,GWYNT Y MOR
53.463,-3.516,GWYNT Y MOR
53.44,-3.659,GWYNT Y MOR
53.451,-3.594,GWYNT Y MOR
53.434,-3.643,GWYNT Y MOR
53.423,-3.621,GWYNT Y MOR
53.44,-3.67,GWYNT Y MOR
53.446,-3.686,GWYNT Y MOR
53.479,-3.622,GWYNT Y MOR
53.485,-3.617,GWYNT Y MOR
53.468,-3.643,GWYNT Y MOR
53.451,-3.605,GWYNT Y MOR
53.457,-3.6,GWYNT Y MOR
53.429,-3.637,GWYNT Y MOR
53.423,-3.632,GWYNT Y MOR
53.468,-3.589,GWYNT Y MOR
53.473,-3.638,GWYNT Y MOR
53.468,-3.665,GWYNT Y MOR
53.479,-3.589,GWYNT Y MOR
53.423,-3.61,GWYNT Y MOR
53.485,-3.571,GWYNT Y MOR
53.468,-3.611,GWYNT Y MOR
53.462,-3.681,GWYNT Y MOR
53.451,-3.616,GWYNT Y MOR
53.457,-3.589,GWYNT Y MOR
53.446,-3.589,GWYNT Y MOR
53.451,-3.692,GWYNT Y MOR
53.468,-3.6,GWYNT Y MOR
53.435,-3.589,GWYNT Y MOR
53.468,-3.676,GWYNT Y MOR
53.44,-3.616,GWYNT Y MOR
53.445,-3.675,GWYNT Y MOR
53.452,-3.57,GWYNT Y MOR
53.462,-3.649,GWYNT Y MOR
53.457,-3.654,GWYNT Y MOR
53.451,-3.648,GWYNT Y MOR
53.44,-3.648,GWYNT Y MOR
53.474,-3.595,GWYNT Y MOR
53.434,-3.654,GWYNT Y MOR
53.468,-3.633,GWYNT Y MOR
53.468,-3.622,GWYNT Y MOR
53.44,-3.605,GWYNT Y MOR
53.474,-3.571,GWYNT Y MOR
53.462,-3.67,GWYNT Y MOR
53.446,-3.643,GWYNT Y MOR
53.446,-3.621,GWYNT Y MOR
53.446,-3.6,GWYNT Y MOR
53.456,-3.676,GWYNT Y MOR
53.485,-3.606,GWYNT Y MOR
53.445,-3.654,GWYNT Y MOR
53.451,-3.681,GWYNT Y MOR
53.429,-3.605,GWYNT Y MOR
53.446,-3.632,GWYNT Y MOR
53.456,-3.686,GWYNT Y MOR
53.435,-3.599,GWYNT Y MOR
53.423,-3.599,GWYNT Y MOR
53.468,-3.654,GWYNT Y MOR
53.462,-3.659,GWYNT Y MOR
53.485,-3.595,GWYNT Y MOR
53.445,-3.665,GWYNT Y MOR
53.451,-3.67,GWYNT Y MOR
53.457,-3.665,GWYNT Y MOR
53.429,-3.594,GWYNT Y MOR
53.457,-3.643,GWYNT Y MOR
53.451,-3.659,GWYNT Y MOR
53.446,-3.5,GWYNT Y MOR
53.469,-3.5,GWYNT Y MOR
53.491,-3.533,GWYNT Y MOR
53.446,-3.521,GWYNT Y MOR
53.463,-3.484,GWYNT Y MOR
53.469,-3.489,GWYNT Y MOR
53.452,-3.484,GWYNT Y MOR
53.452,-3.473,GWYNT Y MOR
53.446,-3.543,GWYNT Y MOR
53.435,-3.61,GWYNT Y MOR
53.418,-3.615,GWYNT Y MOR
53.49,-3.611,GWYNT Y MOR
53.446,-3.532,GWYNT Y MOR
53.44,-3.559,GWYNT Y MOR
53.44,-3.594,GWYNT Y MOR
53.452,-3.495,GWYNT Y MOR
53.48,-3.512,GWYNT Y MOR
53.479,-3.633,GWYNT Y MOR
53.446,-3.511,GWYNT Y MOR
53.474,-3.506,GWYNT Y MOR
53.434,-3.621,GWYNT Y MOR
53.44,-3.548,GWYNT Y MOR
53.44,-3.637,GWYNT Y MOR
53.434,-3.632,GWYNT Y MOR
53.491,-3.555,GWYNT Y MOR
53.485,-3.527,GWYNT Y MOR
53.435,-3.564,GWYNT Y MOR
53.429,-3.626,GWYNT Y MOR
53.491,-3.544,GWYNT Y MOR
53.44,-3.627,GWYNT Y MOR
53.481,-3.508,GWYNT Y MOR
53.429,-3.616,GWYNT Y MOR
53.962,2.052,HORNSEA 2
53.958,2.014,HORNSEA 2
53.975,2.054,HORNSEA 2
53.979,2.03,HORNSEA 2
53.969,2.003,HORNSEA 2
53.962,1.885,HORNSEA 2
53.952,1.938,HORNSEA 2
53.981,1.989,HORNSEA 2
53.983,1.971,HORNSEA 2
53.886,1.992,HORNSEA 1
53.94,1.909,HORNSEA 2
53.974,2.039,HORNSEA 2
53.932,1.96,HORNSEA 2
53.983,1.945,HORNSEA 2
53.933,1.917,HORNSEA 2
53.936,1.997,HORNSEA 2
53.981,2.003,HORNSEA 2
53.957,1.849,HORNSEA 2
53.94,1.951,HORNSEA 2
53.974,2.081,HORNSEA 2
53.928,2.006,HORNSEA 2
53.965,2.089,HORNSEA 2
53.463,-3.57,GWYNT Y MOR
53.945,1.987,HORNSEA 2
53.964,1.925,HORNSEA 2
53.956,1.809,HORNSEA 2
53.949,1.9,HORNSEA 2
53.965,1.965,HORNSEA 2
53.956,1.976,HORNSEA 2
53.458,-3.478,GWYNT Y MOR
53.948,2.026,HORNSEA 2
53.974,1.914,HORNSEA 2
54.002,1.709,HORNSEA 2
53.982,1.704,HORNSEA 2
53.968,1.837,HORNSEA 2
53.986,1.871,HORNSEA 2
53.998,1.754,HORNSEA 2
53.915,1.578,HORNSEA 2
53.988,1.827,HORNSEA 2
54.003,1.681,HORNSEA 2
53.938,1.601,HORNSEA 2
53.943,1.823,HORNSEA 2
53.936,1.574,HORNSEA 2
53.946,1.698,HORNSEA 2
53.907,1.636,HORNSEA 2
54.001,1.726,HORNSEA 2
53.97,1.877,HORNSEA 2
53.978,1.826,HORNSEA 2
53.9,1.643,HORNSEA 2
53.986,1.851,HORNSEA 2
53.986,1.733,HORNSEA 2
53.976,1.786,HORNSEA 2
53.902,1.565,HORNSEA 2
53.991,1.806,HORNSEA 2
53.985,1.933,HORNSEA 2
53.948,1.859,HORNSEA 2
53.986,1.894,HORNSEA 2
53.902,1.592,HORNSEA 2
53.966,1.798,HORNSEA 2
53.989,1.679,HORNSEA 2
53.995,1.772,HORNSEA 2
53.985,1.776,HORNSEA 2
53.986,1.914,HORNSEA 2
53.95,1.559,HORNSEA 2
53.907,1.469,HORNSEA 2
53.953,1.645,HORNSEA 2
53.934,1.485,HORNSEA 2
53.951,1.618,HORNSEA 2
53.938,1.458,HORNSEA 2
53.985,1.451,HORNSEA 2
53.915,1.627,HORNSEA 2
53.932,1.639,HORNSEA 2
53.975,1.531,HORNSEA 2
53.922,1.543,HORNSEA 2
53.977,1.508,HORNSEA 2
53.963,1.476,HORNSEA 2
53.988,1.496,HORNSEA 2
53.923,1.475,HORNSEA 2
53.927,1.614,HORNSEA 2
53.924,1.647,HORNSEA 2
53.987,1.517,HORNSEA 2
53.943,1.679,HORNSEA 2
53.951,1.489,HORNSEA 2
53.949,1.589,HORNSEA 2
53.999,1.483,HORNSEA 2
53.916,1.596,HORNSEA 2
53.932,1.465,HORNSEA 2
53.948,1.514,HORNSEA 2
53.972,1.466,HORNSEA 2
54.001,1.455,HORNSEA 2
53.916,1.458,HORNSEA 2
53.952,1.465,HORNSEA 2
54.007,1.448,HORNSEA 2
53.907,1.539,HORNSEA 2
53.921,1.5,HORNSEA 2
54,1.502,HORNSEA 2
53.96,1.683,HORNSEA 2
54.004,1.611,HORNSEA 2
53.988,1.652,HORNSEA 2
53.956,1.532,HORNSEA 2
54.006,1.525,HORNSEA 2
53.963,1.574,HORNSEA 2
53.998,1.565,HORNSEA 2
53.995,1.599,HORNSEA 2
54.002,1.636,HORNSEA 2
54.005,1.588,HORNSEA 2
53.979,1.587,HORNSEA 2
53.987,1.47,HORNSEA 2
54.005,1.557,HORNSEA 2
53.962,1.499,HORNSEA 2
53.962,1.454,HORNSEA 2
53.897,1.458,HORNSEA 2
53.989,1.544,HORNSEA 2
53.86,1.591,HORNSEA 2
53.965,1.654,HORNSEA 2
53.858,1.615,HORNSEA 2
53.99,1.627,HORNSEA 2
53.965,1.602,HORNSEA 2
53.888,1.628,HORNSEA 2
54,1.532,HORNSEA 2
54.007,1.475,HORNSEA 2
53.991,1.573,HORNSEA 2
53.967,1.631,HORNSEA 2
53.975,1.559,HORNSEA 2
53.981,1.615,HORNSEA 2
54.006,1.496,HORNSEA 2
53.979,1.458,HORNSEA 2
53.976,1.643,HORNSEA 2
53.836,1.617,HORNSEA 2
53.889,1.606,HORNSEA 2
53.891,1.556,HORNSEA 2
53.868,1.582,HORNSEA 2
53.841,1.633,HORNSEA 2
53.865,1.562,HORNSEA 2
53.899,1.502,HORNSEA 2
53.936,1.528,HORNSEA 2
53.881,1.544,HORNSEA 2
53.846,1.606,HORNSEA 2
53.869,1.628,HORNSEA 2
53.838,1.487,HORNSEA 2
53.863,1.496,HORNSEA 2
53.867,1.514,HORNSEA 2
53.857,1.548,HORNSEA 2
53.883,1.496,HORNSEA 2
53.838,1.457,HORNSEA 2
53.885,1.517,HORNSEA 2
53.836,1.594,HORNSEA 2
53.837,1.526,HORNSEA 2
53.862,1.636,HORNSEA 2
53.85,1.487,HORNSEA 2
53.846,1.561,HORNSEA 2
53.881,1.589,HORNSEA 2
53.836,1.548,HORNSEA 2
53.838,1.57,HORNSEA 2
53.843,1.587,HORNSEA 2
53.921,1.523,HORNSEA 2
53.878,1.639,HORNSEA 2
53.848,1.626,HORNSEA 2
53.837,1.503,HORNSEA 2
53.837,1.472,HORNSEA 2
50.658,-0.278,RAMPION
50.666,-0.29,RAMPION
50.673,-0.292,RAMPION
50.671,-0.349,RAMPION
50.679,-0.323,RAMPION
50.68,-0.294,RAMPION
50.685,-0.219,RAMPION
50.687,-0.229,RAMPION
50.681,-0.333,RAMPION
50.664,-0.212,RAMPION
50.676,-0.341,RAMPION
50.664,-0.28,RAMPION
50.656,-0.267,RAMPION
50.659,-0.288,RAMPION
50.661,-0.298,RAMPION
50.655,-0.296,RAMPION
50.673,-0.36,RAMPION
50.649,-0.265,RAMPION
50.653,-0.218,RAMPION
50.667,-0.329,RAMPION
50.651,-0.275,RAMPION
50.685,-0.286,RAMPION
50.65,-0.237,RAMPION
50.651,-0.343,RAMPION
50.646,-0.351,RAMPION
50.658,-0.316,RAMPION
50.662,-0.337,RAMPION
50.65,-0.304,RAMPION
50.663,-0.308,RAMPION
50.66,-0.327,RAMPION
50.67,-0.311,RAMPION
50.687,-0.297,RAMPION
50.688,-0.268,RAMPION
50.652,-0.247,RAMPION
50.677,-0.313,RAMPION
50.648,-0.294,RAMPION
50.656,-0.306,RAMPION
50.655,-0.335,RAMPION
50.68,-0.362,RAMPION
50.674,-0.331,RAMPION
50.678,-0.352,RAMPION
50.665,-0.319,RAMPION
50.664,-0.347,RAMPION
50.647,-0.255,RAMPION
50.654,-0.325,RAMPION
50.675,-0.303,RAMPION
50.652,-0.286,RAMPION
50.683,-0.344,RAMPION
50.638,-0.31,RAMPION
50.64,-0.32,RAMPION
50.667,-0.358,RAMPION
50.635,-0.328,RAMPION
50.686,-0.325,RAMPION
54.003,-3.308,BARROW
50.652,-0.314,RAMPION
50.642,-0.33,RAMPION
50.659,-0.355,RAMPION
50.684,-0.315,RAMPION
54.003,-3.292,BARROW
54.006,-3.297,BARROW
50.682,-0.305,RAMPION
50.688,-0.335,RAMPION
50.688,-0.343,RAMPION
50.689,-0.307,RAMPION
50.639,-0.349,RAMPION
54,-3.302,BARROW
50.645,-0.312,RAMPION
50.669,-0.339,RAMPION
50.657,-0.345,RAMPION
50.647,-0.322,RAMPION
50.649,-0.333,RAMPION
53.999,-3.319,BARROW
53.997,-3.281,BARROW
53.977,-3.296,BARROW
50.685,-0.354,RAMPION
54,-3.286,BARROW
54.005,-3.314,BARROW
50.691,-0.317,RAMPION
50.643,-0.302,RAMPION
50.672,-0.321,RAMPION
53.996,-3.313,BARROW
53.991,-3.269,BARROW
53.988,-3.28,BARROW
53.975,-3.29,BARROW
53.986,-3.312,BARROW
58.26,-2.93,BEATRICE
53.991,-3.286,BARROW
53.993,-3.307,BARROW
53.995,-3.329,BARROW
55.146,-1.421,BLYTH
55.135,-1.49,BLYTH
53.98,-3.301,BARROW
53.984,-3.291,BARROW
58.222,-2.978,BEATRICE
53.983,-3.307,BARROW
54.009,-3.303,BARROW
53.489,-3.178,BURBO BANK
53.992,-3.324,BARROW
53.989,-3.318,BARROW
53.997,-3.297,BARROW
53.99,-3.302,BARROW
53.994,-3.291,BARROW
53.492,-3.216,BURBO BANK
53.492,-3.2,BURBO BANK
53.492,-3.184,BURBO BANK
53.981,-3.285,BARROW
58.239,-2.937,BEATRICE
55.137,-1.491,BLYTH
53.985,-3.274,BARROW
53.994,-3.275,BARROW
53.987,-3.296,BARROW
53.478,-3.16,BURBO BANK
53.482,-3.166,BURBO BANK
53.502,-3.203,BURBO BANK
53.485,-3.188,BURBO BANK
53.495,-3.206,BURBO BANK
53.499,-3.213,BURBO BANK
53.485,-3.306,BURBO BANK EXTENSION
53.475,-3.185,BURBO BANK
53.492,-3.266,BURBO BANK EXTENSION
53.488,-3.194,BURBO BANK
53.493,-3.337,BURBO BANK EXTENSION
53.474,-3.287,BURBO BANK EXTENSION
53.485,-3.204,BURBO BANK
53.481,-3.197,BURBO BANK
53.482,-3.182,BURBO BANK
53.493,-3.29,BURBO BANK EXTENSION
53.499,-3.197,BURBO BANK
53.495,-3.222,BURBO BANK
53.482,-3.15,BURBO BANK
53.495,-3.191,BURBO BANK
53.49,-3.352,BURBO BANK EXTENSION
53.488,-3.21,BURBO BANK
53.475,-3.25,BURBO BANK EXTENSION
53.496,-3.363,BURBO BANK EXTENSION
53.478,-3.175,BURBO BANK
53.502,-3.219,BURBO BANK
53.501,-3.373,BURBO BANK EXTENSION
53.485,-3.156,BURBO BANK
53.485,-3.172,BURBO BANK
53.483,-3.27,BURBO BANK EXTENSION
53.478,-3.191,BURBO BANK
53.238,1.426,DUDGEON
53.265,1.395,DUDGEON
53.275,1.426,DUDGEON
53.248,1.404,DUDGEON
53.25,1.429,DUDGEON
53.271,1.436,DUDGEON
53.221,1.407,DUDGEON
53.236,1.402,DUDGEON
53.259,1.444,DUDGEON
53.271,1.408,DUDGEON
53.277,1.397,DUDGEON
53.266,1.419,DUDGEON
53.309,1.334,DUDGEON
53.226,1.425,DUDGEON
53.28,1.417,DUDGEON
53.284,1.408,DUDGEON
53.262,1.32,DUDGEON
53.288,1.399,DUDGEON
53.253,1.393,DUDGEON
53.226,1.398,DUDGEON
53.252,1.444,DUDGEON
53.258,1.33,DUDGEON
53.297,1.38,DUDGEON
53.267,1.445,DUDGEON
53.262,1.346,DUDGEON
53.243,1.415,DUDGEON
53.212,1.427,DUDGEON
53.231,1.414,DUDGEON
53.261,1.43,DUDGEON
53.305,1.362,DUDGEON
53.292,1.389,DUDGEON
53.217,1.417,DUDGEON
53.241,1.391,DUDGEON
53.269,1.359,DUDGEON
53.279,1.337,DUDGEON
53.283,1.321,DUDGEON
53.31,1.352,DUDGEON
53.303,1.341,DUDGEON
53.269,1.32,DUDGEON
53.301,1.371,DUDGEON
53.292,1.363,DUDGEON
53.297,1.352,DUDGEON
53.287,1.374,DUDGEON
53.235,1.378,DUDGEON
53.23,1.388,DUDGEON
53.244,1.359,DUDGEON
53.29,1.322,DUDGEON
53.248,1.349,DUDGEON
53.276,1.321,DUDGEON
53.297,1.323,DUDGEON
53.275,1.372,DUDGEON
53.267,1.335,DUDGEON
53.274,1.348,DUDGEON
53.314,1.343,DUDGEON
53.253,1.339,DUDGEON
53.257,1.358,DUDGEON
53.286,1.35,DUDGEON
53.264,1.37,DUDGEON
53.247,1.38,DUDGEON
53.282,1.385,DUDGEON
53.305,1.323,DUDGEON
53.28,1.361,DUDGEON
53.291,1.339,DUDGEON
53.27,1.384,DUDGEON
51.932,2.072,GALLOPER
51.913,2.069,GALLOPER
51.907,2.005,GALLOPER
51.993,2.036,GALLOPER
51.942,2.074,GALLOPER
51.953,2.06,GALLOPER
53.239,1.369,DUDGEON
51.96,2.093,GALLOPER
51.941,2.09,GALLOPER
51.995,2.004,GALLOPER
51.923,2.071,GALLOPER
53.258,1.382,DUDGEON
51.933,2.057,GALLOPER
53.252,1.369,DUDGEON
51.917,2.006,GALLOPER
51.951,2.076,GALLOPER
51.931,2.088,GALLOPER
53.144,1.121,SHERINGHAM SHOAL
53.127,1.176,SHERINGHAM SHOAL
56.274,-2.253,NEART NA GAOITHE
56.244,-2.24,NEART NA GAOITHE
51.438,1.622,THANET
54.045,-3.502,WALNEY 1
54.08,-3.575,WALNEY 2
54.053,-3.655,WALNEY EXTENSION 4
51.602,1.535,LONDON ARRAY
51.63,1.437,LONDON ARRAY
54.079,-3.411,ORMONDE
54.747,-3.693,ROBIN RIGG
50.693,-0.26,RAMPION
58.257,-2.896,BEATRICE
58.25,-2.881,BEATRICE
51.914,1.943,GREATER GABBARD
51.787,1.958,GREATER GABBARD
53.805,0.133,WESTERMOST ROUGH
53.628,0.936,HORNSEA 1
53.659,0.253,HUMBER GATEWAY
53.989,-3.433,WEST OF DUDDON SANDS
56.585,-1.759,SEAGREEN
54.783,1.86,Dogger Bank A
56.573,-1.802,SEAGREEN
53.877,2.103,HORNSEA 1
53.891,1.714,HORNSEA 1
53.878,1.895,HORNSEA 1
52.249,2.506,EAST ANGLIA ONE
54.095,-3.855,WALNEY EXTENSION 3
58.126,-2.764,MORAY EAST
53.939,1.631,HORNSEA 2
53.633,0.932,HORNSEA 2
58.217,-2.737,MORAY EAST
58.165,-2.658,MORAY EAST
53.485,0.798,TRITON KNOLL
53.451,0.89,TRITON KNOLL
53.296,0.809,RACE BANK
53.255,0.867,RACE BANK
51.952,2.02,GALLOPER
51.73,1.238,GUNFLEET SANDS 1
53.466,-3.541,GWYNT Y MOR
53.437,-3.624,GWYNT Y MOR
53.988,-3.27,BARROW
53.486,-3.275,BURBO BANK EXTENSION
53.265,1.379,DUDGEON
